case_id,variant_id,question_id,skill,answer_type,gold_answer,pred_answer,gold_decision,pred_decision,answer_correct,decision_correct,evidence_precision,evidence_recall,evidence_f1,missing_information_correct,unsupported_evidence_rate
trip_001,A,Q1,rule_retrieval,money,9000,9000,9000_per_night,canonical_answer,True,,1.0,1.0,1.0,True,0.0
trip_001,B,Q1,rule_retrieval,money,9000,9000,9000_per_night,canonical_answer,True,,1.0,1.0,1.0,True,0.0
trip_001,A,Q2,authority_temporal,money,12000,12000,12000_per_night,canonical_answer,True,,1.0,1.0,1.0,True,0.0
trip_001,B,Q2,authority_temporal,money,12000,12000,12000_per_night,canonical_answer,True,,1.0,1.0,1.0,True,0.0
trip_001,A,Q3,control_threshold,threshold,>10000,"Дополнительная проверка требуется при стоимости одной ночи проживания, превышающей 10 000 руб.",additional_review,canonical_answer,False,,1.0,1.0,1.0,True,0.0
trip_001,B,Q3,control_threshold,threshold,>10000,"Дополнительная проверка требуется при стоимости одной ночи проживания, превышающей 10 000 руб.",additional_review,canonical_answer,False,,1.0,1.0,1.0,True,0.0
trip_001,A,Q4,authority_hierarchy,boolean,false,false,not_a_reimbursement_cap,not_a_reimbursement_cap,True,True,1.0,0.5,0.6666666666666666,True,0.0
trip_001,B,Q4,authority_hierarchy,boolean,false,false,not_a_reimbursement_cap,not_a_reimbursement_cap,True,True,1.0,0.5,0.6666666666666666,True,0.0
trip_001,A,Q5,fact_extraction,integer,4,4,four_nights,canonical_answer,True,,0.3333333333333333,1.0,0.5,True,0.6666666666666666
trip_001,B,Q5,fact_extraction,integer,4,4,four_nights,canonical_answer,True,,0.3333333333333333,1.0,0.5,True,0.6666666666666666
trip_001,A,Q6,temporal_calculation,money,48000,,max_allowable_hotel_cost,not_max_allowable_hotel_cost,False,False,0.3333333333333333,0.3333333333333333,0.3333333333333333,True,0.6666666666666666
trip_001,B,Q6,temporal_calculation,money,45000,,max_allowable_hotel_cost,not_max_allowable_hotel_cost,False,False,0.3333333333333333,0.3333333333333333,0.3333333333333333,True,0.6666666666666666
trip_001,A,Q7,capped_reimbursement,money,45600,,reimburse,reimburse,False,True,0.6666666666666666,0.5,0.5714285714285715,True,0.3333333333333333
trip_001,B,Q7,capped_reimbursement,money,43200,,partially_reimburse,reimburse,False,False,0.6666666666666666,0.5,0.5714285714285715,True,0.3333333333333333
trip_001,A,Q8,preapproval,boolean,true,true,preapproved,preapproved,True,True,1.0,1.0,1.0,True,0.0
trip_001,B,Q8,preapproval,boolean,true,true,preapproved,preapproved,True,True,0.5,1.0,0.6666666666666666,True,0.5
trip_001,A,Q9,permission_vs_payment,boolean,false,false,preapproval_not_final_reimbursement,preapproval_not_final_reimbursement,True,True,0.0,0.0,0.0,True,1.0
trip_001,B,Q9,permission_vs_payment,boolean,false,false,preapproval_not_final_reimbursement,preapproval_not_final_reimbursement,True,True,0.0,0.0,0.0,True,1.0
trip_001,A,Q10,cross_document_consistency,date_range,2026-09-15/2026-09-18,Первоначальные даты командировки были с 15 сентября 2026 г. по 18 сентября 2026 г.,original_trip_period,canonical_answer,False,,0.5,0.5,0.5,True,0.5
trip_001,B,Q10,cross_document_consistency,date_range,2026-09-15/2026-09-18,Первоначальные даты командировки были с 15 сентября 2026 г. по 18 сентября 2026 г.,original_trip_period,canonical_answer,False,,0.125,0.5,0.2,True,0.875
trip_001,A,Q11,decision_timing,boolean,true,true,approved_in_time,approved_after_deadline,True,False,0.3333333333333333,0.5,0.4,True,0.6666666666666666
trip_001,B,Q11,decision_timing,boolean,true,true,approved_in_time,approved_after_deadline,True,False,0.3333333333333333,0.5,0.4,True,0.6666666666666666
trip_001,A,Q12,presence_evidence,boolean,true,true,presence_and_business_activity_confirmed,presence_and_business_activity_confirmed,True,True,0.0,0.0,0.0,True,1.0
trip_001,B,Q12,presence_evidence,boolean,true,true,presence_and_business_activity_confirmed,presence_and_business_activity_confirmed,True,True,0.0,0.0,0.0,True,1.0
trip_001,A,Q13,decision_vs_formalization,datetime,2026-09-17T12:26:00,1709-12-26T12:26:00Z,sed_final_decision_time,decision_time,False,,0.3333333333333333,0.5,0.4,True,0.6666666666666666
trip_001,B,Q13,decision_vs_formalization,datetime,2026-09-17T12:26:00,1709-12-26T12:26:00Z,sed_final_decision_time,decision_time,False,,0.3333333333333333,0.5,0.4,True,0.6666666666666666
trip_001,A,Q14,evidence_completeness,boolean,true,true,taxi_expense_supported,taxi_expense_supported,True,True,1.0,0.5,0.6666666666666666,True,0.0
trip_001,B,Q14,evidence_completeness,boolean,true,true,taxi_expense_supported,taxi_expense_supported,True,True,0.3333333333333333,0.5,0.4,True,0.6666666666666666
trip_001,A,Q15,abstention,boolean,false,false,insufficient_information,insufficient_information,True,True,1.0,0.5,0.6666666666666666,True,0.0
trip_001,B,Q15,abstention,boolean,false,false,insufficient_information,insufficient_information,True,True,0.3333333333333333,0.5,0.4,True,0.6666666666666666
trip_001,A,Q16,business_day_calculation,boolean,true,true,submitted_on_time,submitted_on_time,True,True,1.0,0.5,0.6666666666666666,True,0.0
trip_001,B,Q16,business_day_calculation,boolean,true,true,submitted_on_time,submitted_on_time,True,True,1.0,0.5,0.6666666666666666,True,0.0
trip_001,A,Q17,missing_information,code_set,business_purpose_evidence|destination_address,business_purpose_evidence|destination_address,request_additional_documents,request_additional_documents,True,True,1.0,0.3333333333333333,0.5,False,0.0
trip_001,B,Q17,missing_information,code_set,business_purpose_evidence|destination_address,business_purpose_evidence|destination_address,request_additional_documents,request_additional_documents,True,True,0.6666666666666666,0.6666666666666666,0.6666666666666666,False,0.3333333333333333
procurement_002,A,Q1,fact_extraction,money,300000,300000,threshold_300000,sufficient_information,True,,1.0,1.0,1.0,True,0.0
procurement_002,A,Q2,fact_extraction,money,500000,500000,threshold_500000,sufficient_information,True,,1.0,1.0,1.0,True,0.0
procurement_002,A,Q3,fact_extraction,money,460000,460000,amount_460000,sufficient_information,True,,0.6666666666666666,0.6666666666666666,0.6666666666666666,True,0.3333333333333333
procurement_002,A,Q4,temporal_extraction,date,2026-10-20,2010-10-20,contract_date,sufficient_information,False,,0.5,0.5,0.5,True,0.5
procurement_002,A,Q5,decision,boolean,true,true,direct_purchase_allowed,direct_purchase_allowed,True,True,0.6666666666666666,0.6666666666666666,0.6666666666666666,True,0.3333333333333333
procurement_002,A,Q6,decision,boolean,false,false,competitive_procedure_not_required,competitive_procedure_not_required,True,True,0.6666666666666666,0.6666666666666666,0.6666666666666666,True,0.3333333333333333
procurement_002,A,Q7,hierarchy,boolean,false,false,approval_sheet_not_ceo_decision,approval_sheet_ceo_decision,True,False,1.0,0.5,0.6666666666666666,True,0.0
procurement_002,A,Q8,hierarchy,boolean,false,false,signed_contract_not_legalization,signed_contract_not_legalization,True,True,1.0,0.5,0.6666666666666666,True,0.0
procurement_002,A,Q9,hierarchy,boolean,false,false,payment_request_not_legalization,payment_request_not_legalization,True,True,1.0,0.5,0.6666666666666666,True,0.0
procurement_002,A,Q10,authority_temporal,boolean,true,true,temporary_order_in_force,temporary_order_in_effect,True,,0.5,0.5,0.5,True,0.5
procurement_002,A,Q11,insufficient_information,boolean,false,false,insufficient_information,insufficient_information,True,True,0.0,0.0,0.0,True,0.0
procurement_002,A,Q12,insufficient_information,boolean,false,false,insufficient_information,insufficient_information,True,True,0.0,0.0,0.0,True,0.0
procurement_002,A,Q13,threshold_calculation,money,500000,500000,direct_purchase_limit_applies,sufficient_information,True,,0.5,0.5,0.5,True,0.5
procurement_002,A,Q14,threshold_calculation,money,160000,160000,excess_amount,sufficient_information,True,,0.6666666666666666,1.0,0.8,True,0.3333333333333333
procurement_002,A,Q15,final_status,status,direct_purchase_permitted,direct_purchase,direct_purchase_permitted,direct_purchase_permitted,False,True,0.2857142857142857,1.0,0.4444444444444445,True,0.7142857142857143
procurement_002,B,Q1,fact_extraction,money,300000,300000,threshold_300000,sufficient_information,True,,1.0,1.0,1.0,True,0.0
procurement_002,B,Q2,fact_extraction,money,500000,500000,threshold_500000,sufficient_information,True,,1.0,1.0,1.0,True,0.0
procurement_002,B,Q3,fact_extraction,money,460000,460000,amount_460000,sufficient_information,True,,0.6666666666666666,0.6666666666666666,0.6666666666666666,True,0.3333333333333333
procurement_002,B,Q4,temporal_extraction,date,2026-10-20,2010-10-20,contract_date,sufficient_information,False,,0.5,0.5,0.5,True,0.5
procurement_002,B,Q5,decision,boolean,false,true,direct_purchase_not_allowed,direct_purchase_allowed,False,False,0.5,0.6666666666666666,0.5714285714285715,True,0.5
procurement_002,B,Q6,decision,boolean,true,false,competitive_procedure_required,competitive_procedure_not_required,False,False,0.5,0.6666666666666666,0.5714285714285715,True,0.5
procurement_002,B,Q7,hierarchy,boolean,false,false,approval_sheet_not_ceo_decision,approval_sheet_ceo_decision,True,False,1.0,0.5,0.6666666666666666,True,0.0
procurement_002,B,Q8,hierarchy,boolean,false,false,signed_contract_not_legalization,signed_contract_not_legalization,True,True,1.0,0.5,0.6666666666666666,True,0.0
procurement_002,B,Q9,hierarchy,boolean,false,false,payment_request_not_legalization,payment_request_not_legalization,True,True,1.0,0.5,0.6666666666666666,True,0.0
procurement_002,B,Q10,authority_temporal,boolean,false,true,temporary_order_not_in_force,temporary_order_in_effect,False,,0.5,0.5,0.5,True,0.5
procurement_002,B,Q11,insufficient_information,boolean,false,false,insufficient_information,insufficient_information,True,True,0.0,0.0,0.0,True,0.0
procurement_002,B,Q12,insufficient_information,boolean,false,false,insufficient_information,insufficient_information,True,True,0.0,0.0,0.0,True,0.0
procurement_002,B,Q13,threshold_calculation,money,300000,500000,direct_purchase_limit_applies,sufficient_information,False,,0.5,0.5,0.5,True,0.5
procurement_002,B,Q14,threshold_calculation,money,160000,160000,excess_amount,sufficient_information,True,,1.0,1.0,1.0,True,0.0
procurement_002,B,Q15,final_status,status,competitive_procedure_required,direct_purchase,competitive_procedure_required,direct_purchase_permitted,False,False,0.2857142857142857,1.0,0.4444444444444445,True,0.7142857142857143
authority_003,A,Q1,signatory_extraction,status,director_ural_branch,директор Уральского филиала Смирнов Игорь Петрович,signed_by_branch_director,approved,False,,1.0,1.0,1.0,True,0.0
authority_003,B,Q1,signatory_extraction,status,director_ural_branch,директор Уральского филиала Смирнов Игорь Петрович,signed_by_branch_director,approved,False,,1.0,1.0,1.0,True,0.0
authority_003,A,Q10,execution_confirmation,boolean,true,true,act_confirms_transfer,act_confirms_transfer,True,True,0.5,1.0,0.6666666666666666,True,0.5
authority_003,B,Q10,execution_confirmation,boolean,true,true,act_confirms_transfer,act_confirms_transfer,True,True,0.5,1.0,0.6666666666666666,True,0.5
authority_003,A,Q11,post_execution_logic,boolean,false,true,post_execution_does_not_confirm_subject_scope,post_execution_does_not_confirm_subject_scope,False,True,1.0,0.5,0.6666666666666666,True,0.0
authority_003,B,Q11,post_execution_logic,boolean,false,true,post_execution_does_not_confirm_subject_scope,post_execution_does_not_confirm_subject_scope,False,True,1.0,0.5,0.6666666666666666,True,0.0
authority_003,A,Q12,ceo_confirmation,boolean,false,false,presented_power_of_attorney_is_sufficient,additional_authority_basis_required,True,False,0.6666666666666666,0.6666666666666666,0.6666666666666666,True,0.3333333333333333
authority_003,B,Q12,ceo_confirmation,boolean,true,false,additional_authority_basis_required,additional_authority_basis_required,False,True,0.6666666666666666,0.6666666666666666,0.6666666666666666,True,0.3333333333333333
authority_003,A,Q13,authority_document,status,power_of_attorney,Доверенность,power_of_attorney_is_controlling_document,approved,False,,1.0,0.5,0.6666666666666666,True,0.0
authority_003,B,Q13,authority_document,status,power_of_attorney,Доверенность,power_of_attorney_is_controlling_document,approved,False,,1.0,0.5,0.6666666666666666,True,0.0
authority_003,A,Q14,signing_status,status,signed_within_presented_authority,Подписан,signed_within_presented_authority,signed_within_presented_authority,False,True,0.3333333333333333,0.5,0.4,True,0.6666666666666666
authority_003,B,Q14,signing_status,status,signed_outside_presented_authority,Подписан,signed_outside_presented_authority,signed_within_presented_authority,False,False,0.3333333333333333,0.5,0.4,True,0.6666666666666666
authority_003,A,Q15,authority_factor,status,no_mismatch,Сумма,all_relevant_power_of_attorney_parameters_match,subject_scope_mismatch,False,False,0.5,0.5,0.5,True,0.5
authority_003,B,Q15,authority_factor,status,subject_scope,Сумма,subject_scope_mismatch,subject_scope_mismatch,False,True,0.5,0.5,0.5,True,0.5
authority_003,A,Q16,authority_conclusion,boolean,true,true,authorized_for_this_deal,authorized_for_this_deal,True,True,0.5,0.5,0.5,True,0.5
authority_003,B,Q16,authority_conclusion,boolean,false,true,not_authorized_for_this_deal,authorized_for_this_deal,False,False,0.5,0.5,0.5,True,0.5
authority_003,A,Q2,subject_extraction,status,supply_of_network_equipment_for_ural_branch,поставка сетевого оборудования для Уральского филиала,network_equipment_supply_contract,approved,False,,0.0,0.0,0.0,True,1.0
authority_003,B,Q2,subject_extraction,status,supply_of_network_equipment_for_ural_branch,поставка сетевого оборудования для Уральского филиала,network_equipment_supply_contract,approved,False,,0.0,0.0,0.0,True,1.0
authority_003,A,Q3,amount_extraction,money,1180000,1180000,contract_amount_1180000,approved,True,,0.0,0.0,0.0,True,1.0
authority_003,B,Q3,amount_extraction,money,1180000,1180000,contract_amount_1180000,approved,True,,0.0,0.0,0.0,True,1.0
authority_003,A,Q4,temporal_extraction,boolean,true,true,poa_valid_on_contract_date,not_poa_valid_on_contract_date,True,False,0.5,0.5,0.5,True,0.5
authority_003,B,Q4,temporal_extraction,boolean,true,true,poa_valid_on_contract_date,not_poa_valid_on_contract_date,True,False,0.5,0.5,0.5,True,0.5
authority_003,A,Q5,limit_check,boolean,true,true,power_of_attorney_limit_respected,not_power_of_attorney_limit_respected,True,False,0.5,0.5,0.5,True,0.5
authority_003,B,Q5,limit_check,boolean,true,true,power_of_attorney_limit_respected,not_power_of_attorney_limit_respected,True,False,0.5,0.5,0.5,True,0.5
authority_003,A,Q6,authority_scope,boolean,true,true,within_poa_subject_scope,within_poa_subject_scope,True,True,0.5,0.5,0.5,True,0.5
authority_003,B,Q6,authority_scope,boolean,false,true,outside_poa_subject_scope,within_poa_subject_scope,False,False,0.5,0.5,0.5,True,0.5
authority_003,A,Q7,authority_scope,boolean,true,true,within_presented_authority,within_presented_authority,True,True,0.5,0.5,0.5,True,0.5
authority_003,B,Q7,authority_scope,boolean,false,true,outside_presented_authority,within_presented_authority,False,False,0.5,0.5,0.5,True,0.5
authority_003,A,Q8,authority_vs_approval,boolean,false,false,approval_sheet_not_enough_for_authority,approval_sheet_not_enough_for_authority,True,True,0.5,0.5,0.5,True,0.5
authority_003,B,Q8,authority_vs_approval,boolean,false,false,approval_sheet_not_enough_for_authority,approval_sheet_not_enough_for_authority,True,True,0.5,0.5,0.5,True,0.5
authority_003,A,Q9,authority_vs_signature,boolean,false,false,signature_alone_not_proof_of_authority,signature_alone_not_proof_of_authority,True,True,0.5,0.5,0.5,True,0.5
authority_003,B,Q9,authority_vs_signature,boolean,false,false,signature_alone_not_proof_of_authority,signature_alone_not_proof_of_authority,True,True,0.5,0.5,0.5,True,0.5
acceptance_004,A,Q1,executor_extraction,status,ООО «ПроектЛаб»,ООО «ПроектЛаб»,executor_projectlab,confirmed,True,,1.0,1.0,1.0,True,0.0
acceptance_004,B,Q1,executor_extraction,status,ООО «ПроектЛаб»,ООО «ПроектЛаб»,executor_projectlab,confirmed,True,,1.0,1.0,1.0,True,0.0
acceptance_004,A,Q2,amount_extraction,money,780000,780000,service_fee_780000,confirmed,True,,1.0,1.0,1.0,True,0.0
acceptance_004,B,Q2,amount_extraction,money,780000,780000,service_fee_780000,confirmed,True,,1.0,1.0,1.0,True,0.0
acceptance_004,A,Q3,subject_extraction,status,network_infrastructure_assessment_and_technical_report,"Обследование сетевой инфраструктуры заказчика, подготовка технического отчёта и рекомендаций по результатам обследования",service_subject,confirmed,False,,0.5,1.0,0.6666666666666666,True,0.5
acceptance_004,B,Q3,subject_extraction,status,network_infrastructure_assessment_and_technical_report,"Исполнитель обязуется провести обследование сетевой инфраструктуры заказчика, подготовить технический отчёт и рекомендации по результатам обследования",service_subject,confirmed,False,,1.0,1.0,1.0,True,0.0
acceptance_004,A,Q4,delivery_confirmation,boolean,true,true,report_prepared_and_delivered,confirmed,True,,0.5,1.0,0.6666666666666666,True,0.5
acceptance_004,B,Q4,delivery_confirmation,boolean,true,true,report_prepared_and_delivered,confirmed,True,,1.0,1.0,1.0,True,0.0
acceptance_004,A,Q5,correspondence_extraction,boolean,false,false,substantive_comments_not_recorded,confirmed,True,,1.0,1.0,1.0,True,0.0
acceptance_004,B,Q5,correspondence_extraction,boolean,false,false,substantive_comments_not_recorded,confirmed,True,,1.0,1.0,1.0,True,0.0
acceptance_004,A,Q6,acceptance_status,boolean,true,true,act_signed_by_both,act_signed_by_both,True,True,1.0,1.0,1.0,True,0.0
acceptance_004,B,Q6,acceptance_status,boolean,false,true,act_signed_by_executor_only,act_signed_by_both,False,False,1.0,1.0,1.0,True,0.0
acceptance_004,A,Q7,formal_acceptance,boolean,true,true,acceptance_formalized,acceptance_formalized,True,True,1.0,0.5,0.6666666666666666,True,0.0
acceptance_004,B,Q7,formal_acceptance,boolean,false,true,acceptance_not_formalized,acceptance_formalized,False,False,1.0,0.5,0.6666666666666666,True,0.0
acceptance_004,A,Q8,payment_basis,boolean,true,true,payment_basis_confirmed,payment_basis_confirmed,True,True,1.0,0.5,0.6666666666666666,True,0.0
acceptance_004,B,Q8,payment_basis,boolean,false,true,payment_basis_not_confirmed,payment_basis_confirmed,False,False,1.0,0.5,0.6666666666666666,True,0.0
acceptance_004,A,Q9,invoice_logic,boolean,false,false,invoice_alone_not_acceptance,invoice_alone_not_acceptance,True,True,0.5,0.5,0.5,True,0.5
acceptance_004,B,Q9,invoice_logic,boolean,false,false,invoice_alone_not_acceptance,invoice_alone_not_acceptance,True,True,1.0,0.5,0.6666666666666666,True,0.0
acceptance_004,A,Q10,internal_request_logic,boolean,false,false,payment_request_not_signature_substitute,payment_request_not_signature_substitute,True,True,1.0,0.5,0.6666666666666666,True,0.0
acceptance_004,B,Q10,internal_request_logic,boolean,false,false,payment_request_not_signature_substitute,payment_request_not_signature_substitute,True,True,1.0,0.5,0.6666666666666666,True,0.0
acceptance_004,A,Q11,report_extraction,boolean,true,true,report_confirms_result_preparation,technical_report_confirms_result,True,,1.0,1.0,1.0,True,0.0
acceptance_004,B,Q11,report_extraction,boolean,true,true,report_confirms_result_preparation,report_confirms_result_preparation,True,,1.0,1.0,1.0,True,0.0
acceptance_004,A,Q12,correspondence_vs_act,boolean,false,false,no_comments_not_proof_of_signature,no_comments_not_proof_of_signature,True,True,1.0,1.0,1.0,True,0.0
acceptance_004,B,Q12,correspondence_vs_act,boolean,false,false,no_comments_not_proof_of_signature,no_comments_not_proof_of_signature,True,True,1.0,0.5,0.6666666666666666,True,0.0
acceptance_004,A,Q13,controlling_document,status,acceptance_act,Акт сдачи-приёмки,acceptance_act_is_controlling_document,confirmed,False,,1.0,0.5,0.6666666666666666,True,0.0
acceptance_004,B,Q13,controlling_document,status,acceptance_act,Акт сдачи-приёмки,acceptance_act_is_controlling_document,confirmed,False,,1.0,0.5,0.6666666666666666,True,0.0
acceptance_004,A,Q14,final_status,status,result_delivered_and_formally_accepted,"Приёмка услуг завершена, оплата возможна",result_delivered_and_formally_accepted,result_delivered_and_formally_accepted,False,True,0.5,0.3333333333333333,0.4,True,0.5
acceptance_004,B,Q14,final_status,status,result_delivered_but_acceptance_not_formalized,Приёмка услуг завершена,result_delivered_but_acceptance_not_formalized,result_delivered_and_formally_accepted,False,False,1.0,0.3333333333333333,0.5,True,0.0
acceptance_004,A,Q15,signature_before_payment,boolean,true,true,customer_signature_present_in_payment_package,customer_signature_present_in_payment_package,True,True,1.0,0.5,0.6666666666666666,True,0.0
acceptance_004,B,Q15,signature_before_payment,boolean,false,false,customer_signature_missing_in_payment_package,customer_signature_missing_in_payment_package,True,True,1.0,0.5,0.6666666666666666,True,0.0
acceptance_004,A,Q16,completion_status,boolean,true,true,acceptance_procedure_completed,acceptance_procedure_completed,True,True,1.0,0.3333333333333333,0.5,True,0.0
acceptance_004,B,Q16,completion_status,boolean,false,true,acceptance_procedure_not_completed,acceptance_procedure_completed,False,False,1.0,0.16666666666666666,0.2857142857142857,True,0.0
notice_005,A,Q1,executor_extraction,status,ООО «ОблакоСервис»,ООО «ОблакоСервис»,executor_oblakoservice,confirmed,True,,1.0,1.0,1.0,True,0.0
notice_005,B,Q1,executor_extraction,status,ООО «ОблакоСервис»,ООО «ОблакоСервис»,executor_oblakoservice,confirmed,True,,1.0,1.0,1.0,True,0.0
notice_005,A,Q2,subject_extraction,status,managed_backup_services,"управляемое резервное копирование корпоративных данных заказчика и сопровождение работ, связанных с восстановлением копий по запросу",managed_backup_services,confirmed,False,,1.0,1.0,1.0,True,0.0
notice_005,B,Q2,subject_extraction,status,managed_backup_services,"управляемое резервное копирование корпоративных данных заказчика и сопровождение работ, связанных с восстановлением копий по запросу",managed_backup_services,confirmed,False,,1.0,1.0,1.0,True,0.0
notice_005,A,Q3,date_extraction,date,2026-10-31,3110-06-20,initial_term_ends_2026_10_31,confirmed,False,,1.0,1.0,1.0,True,0.0
notice_005,B,Q3,date_extraction,date,2026-10-31,3110-06-20,initial_term_ends_2026_10_31,confirmed,False,,1.0,1.0,1.0,True,0.0
notice_005,A,Q4,date_extraction,date,2026-10-18,1810-06-20,notice_dated_2026_10_18,confirmed,False,,1.0,1.0,1.0,True,0.0
notice_005,B,Q4,date_extraction,date,2026-10-18,1810-06-20,notice_dated_2026_10_18,confirmed,False,,1.0,1.0,1.0,True,0.0
notice_005,A,Q5,dispatch_timing,boolean,true,false,notice_sent_by_deadline,not_notice_sent_by_deadline,False,False,0.3333333333333333,0.5,0.4,True,0.6666666666666666
notice_005,B,Q5,dispatch_timing,boolean,true,false,notice_sent_by_deadline,not_notice_sent_by_deadline,False,False,0.3333333333333333,0.5,0.4,True,0.6666666666666666
notice_005,A,Q6,receipt_timing,boolean,true,false,notice_received_in_time,notice_received_late,False,False,0.25,0.5,0.3333333333333333,True,0.75
notice_005,B,Q6,receipt_timing,boolean,false,false,notice_received_late,notice_received_late,True,True,0.25,0.5,0.3333333333333333,True,0.75
notice_005,A,Q7,renewal_logic,boolean,false,false,auto_renewal_not_triggered,auto_renewal_not_triggered,True,True,0.4,1.0,0.5714285714285715,True,0.6
notice_005,B,Q7,renewal_logic,boolean,true,false,auto_renewal_triggered,auto_renewal_not_triggered,False,False,0.4,1.0,0.5714285714285715,True,0.6
notice_005,A,Q8,payment_basis,boolean,false,true,november_payment_basis_absent,november_payment_basis_present,False,False,0.6666666666666666,0.6666666666666666,0.6666666666666666,True,0.3333333333333333
notice_005,B,Q8,payment_basis,boolean,true,true,november_payment_basis_present,november_payment_basis_present,True,True,0.6666666666666666,0.6666666666666666,0.6666666666666666,True,0.3333333333333333
notice_005,A,Q9,internal_memo_logic,boolean,false,false,internal_memo_not_termination_notice,internal_memo_not_termination_notice,True,True,1.0,1.0,1.0,True,0.0
notice_005,B,Q9,internal_memo_logic,boolean,false,false,internal_memo_not_termination_notice,internal_memo_not_termination_notice,True,True,1.0,1.0,1.0,True,0.0
notice_005,A,Q10,dispatch_email_logic,boolean,false,false,dispatch_email_not_timely_receipt_proof,dispatch_email_not_timely_receipt_proof,True,True,0.5,0.5,0.5,True,0.5
notice_005,B,Q10,dispatch_email_logic,boolean,false,false,dispatch_email_not_timely_receipt_proof,dispatch_email_not_timely_receipt_proof,True,True,0.5,0.5,0.5,True,0.5
notice_005,A,Q11,contract_term,boolean,true,true,contract_in_force_in_october,contract_active_in_october,True,,0.2,1.0,0.33333333333333337,True,0.8
notice_005,B,Q11,contract_term,boolean,true,true,contract_in_force_in_october,contract_active_in_october,True,,0.2,1.0,0.33333333333333337,True,0.8
notice_005,A,Q12,controlling_document,status,delivery_confirmation,D2,delivery_confirmation_is_controlling_document,confirmed,False,,1.0,1.0,1.0,True,0.0
notice_005,B,Q12,controlling_document,status,delivery_confirmation,D2,delivery_confirmation_is_controlling_document,confirmed,False,,1.0,1.0,1.0,True,0.0
notice_005,A,Q13,status_conclusion,status,expired_without_renewal,договор завершён,expired_without_renewal,expired_without_renewal,False,True,0.4,1.0,0.5714285714285715,True,0.6
notice_005,B,Q13,status_conclusion,status,automatically_renewed,договор завершён,automatically_renewed,expired_without_renewal,False,False,0.4,1.0,0.5714285714285715,True,0.6
notice_005,A,Q14,internal_request_logic,boolean,false,false,payment_request_not_contract_proof,payment_request_not_contract_proof,True,True,0.5,1.0,0.6666666666666666,True,0.5
notice_005,B,Q14,internal_request_logic,boolean,false,false,payment_request_not_contract_proof,payment_request_not_contract_proof,True,True,0.5,1.0,0.6666666666666666,True,0.5
notice_005,A,Q15,invoice_logic,boolean,false,false,november_invoice_not_payable,november_invoice_not_payable,True,True,0.6666666666666666,0.6666666666666666,0.6666666666666666,True,0.3333333333333333
notice_005,B,Q15,invoice_logic,boolean,true,false,november_invoice_payable,november_invoice_not_payable,False,False,0.6666666666666666,0.6666666666666666,0.6666666666666666,True,0.3333333333333333
notice_005,A,Q16,overall_conclusion,boolean,false,false,contract_not_active_in_november,contract_not_active_in_november,True,True,0.4,1.0,0.5714285714285715,True,0.6
notice_005,B,Q16,overall_conclusion,boolean,true,false,contract_active_in_november,contract_not_active_in_november,False,False,0.4,1.0,0.5714285714285715,True,0.6
reconciliation_006,A,Q1,supplier_extraction,status,ООО «СеверТех»,ООО «СеверТех»,supplier_severtekh,insufficient_information,True,,0.0,0.0,0.0,True,1.0
reconciliation_006,B,Q1,supplier_extraction,status,ООО «СеверТех»,ООО «СеверТех»,supplier_severtekh,insufficient_information,True,,0.0,0.0,0.0,True,1.0
reconciliation_006,A,Q2,amount_extraction,money,32000,32000,unit_price_32000,insufficient_information,True,,0.0,0.0,0.0,True,1.0
reconciliation_006,B,Q2,amount_extraction,money,32000,32000,unit_price_32000,insufficient_information,True,,0.0,0.0,0.0,True,1.0
reconciliation_006,A,Q3,quantity_extraction,integer,50,50,order_quantity_50,insufficient_information,True,,0.5,1.0,0.6666666666666666,True,0.5
reconciliation_006,B,Q3,quantity_extraction,integer,50,50,order_quantity_50,insufficient_information,True,,0.5,1.0,0.6666666666666666,True,0.5
reconciliation_006,A,Q4,amount_extraction,money,1600000,1600000,order_total_1600000,not_order_total_1600000,True,False,0.0,0.0,0.0,True,1.0
reconciliation_006,B,Q4,amount_extraction,money,1600000,1600000,order_total_1600000,not_order_total_1600000,True,False,0.0,0.0,0.0,True,1.0
reconciliation_006,A,Q5,amount_extraction,money,32000,32000,invoice_unit_price_32000,insufficient_information,True,,1.0,1.0,1.0,True,0.0
reconciliation_006,B,Q5,amount_extraction,money,32000,32000,invoice_unit_price_32000,insufficient_information,True,,0.0,0.0,0.0,True,1.0
reconciliation_006,A,Q6,invoice_reconciliation,boolean,true,true,invoice_quantity_matches_order,invoice_quantity_matches_order,True,True,1.0,0.5,0.6666666666666666,True,0.0
reconciliation_006,B,Q6,invoice_reconciliation,boolean,false,false,invoice_quantity_does_not_match_order,invoice_quantity_does_not_match_order,True,True,0.0,0.0,0.0,True,1.0
reconciliation_006,A,Q7,invoice_reconciliation,boolean,true,true,invoice_total_matches_order_total,invoice_total_matches_order_total,True,True,0.5,0.5,0.5,True,0.5
reconciliation_006,B,Q7,invoice_reconciliation,boolean,false,false,invoice_total_does_not_match_order_total,invoice_total_does_not_match_order_total,True,True,0.0,0.0,0.0,True,1.0
reconciliation_006,A,Q8,payment_basis,boolean,true,true,payment_without_corrections_allowed,payment_requires_correction,True,False,1.0,0.2,0.33333333333333337,True,0.0
reconciliation_006,B,Q8,payment_basis,boolean,false,false,payment_requires_correction,payment_requires_correction,True,True,0.5,0.2,0.28571428571428575,True,0.5
reconciliation_006,A,Q9,internal_request_logic,boolean,false,false,approval_sheet_not_reconciliation,approval_sheet_not_reconciliation,True,True,1.0,0.5,0.6666666666666666,True,0.0
reconciliation_006,B,Q9,internal_request_logic,boolean,false,false,approval_sheet_not_reconciliation,approval_sheet_not_reconciliation,True,True,1.0,0.5,0.6666666666666666,True,0.0
reconciliation_006,A,Q10,fact_extraction,boolean,true,true,goods_receipt_confirmed,receipt_confirmation_matches_order,True,,0.0,0.0,0.0,True,1.0
reconciliation_006,B,Q10,fact_extraction,boolean,true,true,goods_receipt_confirmed,receipt_order_quantity_confirmed,True,,0.0,0.0,0.0,True,1.0
reconciliation_006,A,Q11,internal_request_logic,boolean,false,false,payment_request_not_enough,payment_request_not_enough,True,True,0.0,0.0,0.0,True,1.0
reconciliation_006,B,Q11,internal_request_logic,boolean,false,false,payment_request_not_enough,payment_request_not_enough,True,True,0.0,0.0,0.0,True,1.0
reconciliation_006,A,Q12,controlling_document,status,supplier_invoice,счёт поставщика,supplier_invoice,insufficient_information,False,,1.0,1.0,1.0,True,0.0
reconciliation_006,B,Q12,controlling_document,status,supplier_invoice,счёт поставщика,supplier_invoice,insufficient_information,False,,0.0,0.0,0.0,True,1.0
reconciliation_006,A,Q13,amount_extraction,money,1600000,1600000,order_total_1600000,no_order_total_1600000,True,,0.0,0.0,0.0,True,1.0
reconciliation_006,B,Q13,amount_extraction,money,1600000,1600000,order_total_1600000,no_order_total_1600000,True,,0.0,0.0,0.0,True,1.0
reconciliation_006,A,Q14,final_status,status,documents_reconciled_for_payment,счёт подлежит оплате,documents_reconciled_for_payment,documents_not_reconciled_due_to_invoice_discrepancy,False,False,1.0,0.5,0.6666666666666666,True,0.0
reconciliation_006,B,Q14,final_status,status,documents_not_reconciled_due_to_invoice_discrepancy,недостаточно информации,documents_not_reconciled_due_to_invoice_discrepancy,documents_not_reconciled_due_to_invoice_discrepancy,False,True,0.5,0.5,0.5,True,0.5
reconciliation_006,A,Q15,invoice_reconciliation,boolean,false,false,corrected_invoice_not_needed,corrected_invoice_needed,True,False,0.0,0.0,0.0,True,1.0
reconciliation_006,B,Q15,invoice_reconciliation,boolean,true,true,corrected_invoice_needed,corrected_invoice_needed,True,True,0.5,0.5,0.5,True,0.5
reconciliation_006,A,Q16,final_status,boolean,true,false,invoice_payable_as_presented,invoice_not_payable_as_presented,False,False,1.0,0.3333333333333333,0.5,True,0.0
reconciliation_006,B,Q16,final_status,boolean,false,false,invoice_not_payable_as_presented,invoice_not_payable_as_presented,True,True,0.5,0.3333333333333333,0.4,True,0.5
amendment_007,A,Q1,executor_extraction,status,ООО «ДатаХост»,ООО «ДатаХост»,executor_datahost,confirmed,True,,1.0,1.0,1.0,True,0.0
amendment_007,B,Q1,executor_extraction,status,ООО «ДатаХост»,ООО «ДатаХост»,executor_datahost,confirmed,True,,1.0,1.0,1.0,True,0.0
amendment_007,A,Q2,subject_extraction,status,аренда_выделенного_серверного_ресурса,Исполнитель предоставляет заказчику выделенный серверный ресурс для размещения и сопровождения прикладных сервисов,dedicated_server_resource_rental,confirmed,False,,1.0,1.0,1.0,True,0.0
amendment_007,B,Q2,subject_extraction,status,аренда_выделенного_серверного_ресурса,Исполнитель предоставляет заказчику выделенный серверный ресурс для размещения и сопровождения прикладных сервисов,dedicated_server_resource_rental,confirmed,False,,1.0,1.0,1.0,True,0.0
amendment_007,A,Q3,amount_extraction,money,200000,200000,initial_monthly_fee_200000,confirmed,True,,1.0,1.0,1.0,True,0.0
amendment_007,B,Q3,amount_extraction,money,200000,200000,initial_monthly_fee_200000,confirmed,True,,1.0,1.0,1.0,True,0.0
amendment_007,A,Q4,amount_extraction,money,240000,240000,amended_monthly_fee_240000,confirmed,True,,1.0,1.0,1.0,True,0.0
amendment_007,B,Q4,amount_extraction,money,240000,240000,amended_monthly_fee_240000,confirmed,True,,1.0,1.0,1.0,True,0.0
amendment_007,A,Q5,date_extraction,status,июль_2026,июль_2026,invoice_period_july_2026,confirmed,True,,1.0,1.0,1.0,True,0.0
amendment_007,B,Q5,date_extraction,status,июль_2026,июль_2026,invoice_period_july_2026,confirmed,True,,1.0,1.0,1.0,True,0.0
amendment_007,A,Q6,temporal_logic,boolean,true,false,new_price_effective_in_july,new_price_not_effective_in_july,False,False,0.5,0.3333333333333333,0.4,True,0.5
amendment_007,B,Q6,temporal_logic,boolean,false,false,new_price_not_effective_in_july,new_price_not_effective_in_july,True,True,0.5,0.3333333333333333,0.4,True,0.5
amendment_007,A,Q7,invoice_reconciliation,boolean,true,true,invoice_matches_effective_price,invoice_matches_effective_price,True,True,1.0,0.6666666666666666,0.8,True,0.0
amendment_007,B,Q7,invoice_reconciliation,boolean,false,true,invoice_uses_price_not_yet_effective,invoice_matches_effective_price,False,False,1.0,0.6666666666666666,0.8,True,0.0
amendment_007,A,Q8,payment_basis,boolean,true,false,payment_without_corrections_allowed,payment_requires_correction,False,False,1.0,0.2,0.33333333333333337,True,0.0
amendment_007,B,Q8,payment_basis,boolean,false,false,payment_requires_correction,payment_requires_correction,True,True,1.0,0.2,0.33333333333333337,True,0.0
amendment_007,A,Q9,internal_memo_logic,boolean,false,false,internal_memo_not_contract_change,internal_memo_contract_change,True,False,1.0,0.5,0.6666666666666666,True,0.0
amendment_007,B,Q9,internal_memo_logic,boolean,false,false,internal_memo_not_contract_change,internal_memo_contract_change,True,False,1.0,0.5,0.6666666666666666,True,0.0
amendment_007,A,Q10,report_extraction,boolean,false,false,report_not_price_proof,report_not_price_proof,True,True,1.0,0.5,0.6666666666666666,True,0.0
amendment_007,B,Q10,report_extraction,boolean,false,false,report_not_price_proof,report_not_price_proof,True,True,1.0,0.5,0.6666666666666666,True,0.0
amendment_007,A,Q11,fact_extraction,boolean,true,true,services_provided_in_july,service_confirmation,True,,1.0,1.0,1.0,True,0.0
amendment_007,B,Q11,fact_extraction,boolean,true,true,services_provided_in_july,service_confirmation,True,,1.0,1.0,1.0,True,0.0
amendment_007,A,Q12,controlling_document,status,additional_agreement,Дополнительное соглашение,additional_agreement_is_controlling_document,confirmed,False,,1.0,0.5,0.6666666666666666,True,0.0
amendment_007,B,Q12,controlling_document,status,additional_agreement,Дополнительное соглашение,additional_agreement_is_controlling_document,confirmed,False,,1.0,0.5,0.6666666666666666,True,0.0
amendment_007,A,Q13,amount_extraction,money,240000,240000,invoice_amount_240000,confirmed,True,,1.0,1.0,1.0,True,0.0
amendment_007,B,Q13,amount_extraction,money,240000,240000,invoice_amount_240000,confirmed,True,,1.0,1.0,1.0,True,0.0
amendment_007,A,Q14,temporal_logic,money,240000,240000,applicable_price_240000,applicable_price_200000,True,False,1.0,0.3333333333333333,0.5,True,0.0
amendment_007,B,Q14,temporal_logic,money,200000,240000,applicable_price_200000,applicable_price_200000,False,True,1.0,0.3333333333333333,0.5,True,0.0
amendment_007,A,Q15,threshold_calculation,money,0,0,mismatch_0,mismatch_0,True,True,1.0,1.0,1.0,True,0.0
amendment_007,B,Q15,threshold_calculation,money,40000,0,mismatch_40000,mismatch_0,False,False,1.0,0.6666666666666666,0.8,True,0.0
amendment_007,A,Q16,final_status,boolean,true,false,invoice_payable_as_presented,invoice_requires_correction,False,False,1.0,0.25,0.4,True,0.0
amendment_007,B,Q16,final_status,boolean,false,false,invoice_requires_correction,invoice_requires_correction,True,True,1.0,0.25,0.4,True,0.0
sla_008,A,Q1,executor_extraction,status,ООО «ОблакоСервис»,ООО «ОблакоСервис»,executor_cloudservice,insufficient_information,True,,1.0,1.0,1.0,True,0.0
sla_008,B,Q1,executor_extraction,status,ООО «ОблакоСервис»,ООО «ОблакоСервис»,executor_cloudservice,insufficient_information,True,,1.0,1.0,1.0,True,0.0
sla_008,A,Q2,amount_extraction,money,500000,500000,monthly_fee_500000,insufficient_information,True,,1.0,1.0,1.0,True,0.0
sla_008,B,Q2,amount_extraction,money,500000,500000,monthly_fee_500000,insufficient_information,True,,1.0,1.0,1.0,True,0.0
sla_008,A,Q3,term_extraction,integer,4,4,recovery_sla_4_hours,insufficient_information,True,,1.0,1.0,1.0,True,0.0
sla_008,B,Q3,term_extraction,integer,4,4,recovery_sla_4_hours,insufficient_information,True,,1.0,1.0,1.0,True,0.0
sla_008,A,Q4,datetime_extraction,datetime,2026-08-12T10:00:00,1280-08-12T07:00:00Z,incident_registered_at_10_00,insufficient_information,False,,1.0,1.0,1.0,True,0.0
sla_008,B,Q4,datetime_extraction,datetime,2026-08-12T10:00:00,1280-08-12T07:00:00Z,incident_registered_at_10_00,insufficient_information,False,,1.0,1.0,1.0,True,0.0
sla_008,A,Q5,datetime_extraction,datetime,2026-08-12T10:15:00,1280-08-12T07:15:00Z,support_request_received_at_10_15,insufficient_information,False,,1.0,1.0,1.0,True,0.0
sla_008,B,Q5,datetime_extraction,datetime,2026-08-12T10:15:00,1280-08-12T07:15:00Z,support_request_received_at_10_15,insufficient_information,False,,1.0,1.0,1.0,True,0.0
sla_008,A,Q6,temporal_calculation,integer,239,225,incident_duration_239_minutes,incident_duration_239_minutes,False,True,0.6666666666666666,1.0,0.8,True,0.3333333333333333
sla_008,B,Q6,temporal_calculation,integer,241,211,incident_duration_241_minutes,incident_duration_241_minutes,False,True,0.6666666666666666,1.0,0.8,True,0.3333333333333333
sla_008,A,Q7,temporal_logic,boolean,false,true,sla_not_exceeded,sla_exceeded,False,False,1.0,0.6666666666666666,0.8,True,0.0
sla_008,B,Q7,temporal_logic,boolean,true,true,sla_exceeded,sla_exceeded,True,True,1.0,0.6666666666666666,0.8,True,0.0
sla_008,A,Q8,contract_rule_application,boolean,false,false,monthly_fee_reduction_not_applied,monthly_fee_reduction_not_applied,True,True,1.0,0.3333333333333333,0.5,True,0.0
sla_008,B,Q8,contract_rule_application,boolean,true,true,monthly_fee_reduction_applied,monthly_fee_reduction_applied,True,True,1.0,0.3333333333333333,0.5,True,0.0
sla_008,A,Q9,contract_rule_application,status,automatic_monitoring_registration,автоматической регистрации инцидента системой мониторинга,recovery_clock_starts_from_monitoring_registration,recovery_clock_starts_from_monitoring_registration,False,True,1.0,0.5,0.6666666666666666,True,0.0
sla_008,B,Q9,contract_rule_application,status,automatic_monitoring_registration,автоматической регистрации инцидента системой мониторинга,recovery_clock_starts_from_monitoring_registration,recovery_clock_starts_from_monitoring_registration,False,True,1.0,0.5,0.6666666666666666,True,0.0
sla_008,A,Q10,fact_extraction,boolean,true,true,critical_incident_registered_on_date,incident_registered_on_12_august_2026,True,,1.0,1.0,1.0,True,0.0
sla_008,B,Q10,fact_extraction,boolean,true,true,critical_incident_registered_on_date,incident_registered_on_12_august_2026,True,,1.0,1.0,1.0,True,0.0
sla_008,A,Q11,amount_extraction,money,500000,500000,invoice_amount_500000,insufficient_information,True,,1.0,1.0,1.0,True,0.0
sla_008,B,Q11,amount_extraction,money,500000,500000,invoice_amount_500000,insufficient_information,True,,1.0,1.0,1.0,True,0.0
sla_008,A,Q12,document_identification,status,technical_report,Документ 4,technical_report_confirms_recovery_time,restoration_time_confirmed_by_document_4,False,,1.0,1.0,1.0,True,0.0
sla_008,B,Q12,document_identification,status,technical_report,04_Технический_отчёт.txt,technical_report_confirms_recovery_time,technical_report_confirms_restoration_time,False,,1.0,1.0,1.0,True,0.0
sla_008,A,Q13,percentage_extraction,integer,5,5,reduction_rate_5_percent,reduction_rate_5_percent,True,,1.0,1.0,1.0,True,0.0
sla_008,B,Q13,percentage_extraction,integer,5,5,reduction_rate_5_percent,reduction_rate_5_percent,True,,1.0,1.0,1.0,True,0.0
sla_008,A,Q14,penalty_calculation,money,0,25000,reduction_amount_zero,reduction_amount_25000,False,False,0.5,0.3333333333333333,0.4,True,0.5
sla_008,B,Q14,penalty_calculation,money,25000,25000,reduction_amount_25000,reduction_amount_25000,True,True,0.5,0.3333333333333333,0.4,True,0.5
sla_008,A,Q15,payment_calculation,money,500000,475000,payable_amount_500000,payable_amount_475000,False,False,1.0,0.5,0.6666666666666666,True,0.0
sla_008,B,Q15,payment_calculation,money,475000,475000,payable_amount_475000,payable_amount_475000,True,True,1.0,0.5,0.6666666666666666,True,0.0
sla_008,A,Q16,final_status,boolean,true,false,invoice_payable_without_correction,invoice_requires_sla_correction,False,False,0.5,0.25,0.3333333333333333,True,0.5
sla_008,B,Q16,final_status,boolean,false,false,invoice_requires_sla_correction,invoice_requires_sla_correction,True,True,1.0,0.5,0.6666666666666666,True,0.0
approval_chain_009,A,Q1,requester_extraction,status,Сергей Волков,Сергею Волкову,requested_user_sergey_volkov,approved,False,,1.0,1.0,1.0,True,0.0
approval_chain_009,B,Q1,requester_extraction,status,Сергей Волков,Сергею Волкову,requested_user_sergey_volkov,approved,False,,1.0,1.0,1.0,True,0.0
approval_chain_009,A,Q2,system_extraction,status,Orion-Prod,Orion-Prod,requested_system_orion_prod,approved,True,,1.0,1.0,1.0,True,0.0
approval_chain_009,B,Q2,system_extraction,status,Orion-Prod,Orion-Prod,requested_system_orion_prod,approved,True,,1.0,1.0,1.0,True,0.0
approval_chain_009,A,Q3,role_extraction,status,привилегированный администратор,привилегированный администратор,requested_privileged_admin_role,approved,True,,1.0,1.0,1.0,True,0.0
approval_chain_009,B,Q3,role_extraction,status,привилегированный администратор,привилегированный администратор,requested_privileged_admin_role,approved,True,,1.0,1.0,1.0,True,0.0
approval_chain_009,A,Q4,date_extraction,date,2026-11-17,1711-11-20,access_end_date_2026_11_17,approved,False,,0.3333333333333333,1.0,0.5,True,0.6666666666666666
approval_chain_009,B,Q4,date_extraction,date,2026-11-17,1711-11-20,access_end_date_2026_11_17,approved,False,,0.3333333333333333,1.0,0.5,True,0.6666666666666666
approval_chain_009,A,Q5,approval_extraction,boolean,true,true,owner_approval_received,approved,True,,1.0,1.0,1.0,True,0.0
approval_chain_009,B,Q5,approval_extraction,boolean,true,true,owner_approval_received,approved,True,,1.0,1.0,1.0,True,0.0
approval_chain_009,A,Q6,security_review_status,status,approved,согласовано,security_review_approved,approved,False,,1.0,1.0,1.0,True,0.0
approval_chain_009,B,Q6,security_review_status,status,pending,рассмотрение не завершено,security_review_pending,approved,False,,1.0,1.0,1.0,True,0.0
approval_chain_009,A,Q7,approval_chain_logic,boolean,true,true,all_mandatory_approvals_received,all_mandatory_approvals_received,True,True,1.0,0.6666666666666666,0.8,True,0.0
approval_chain_009,B,Q7,approval_chain_logic,boolean,false,false,mandatory_security_approval_missing,all_mandatory_approvals_received,True,False,1.0,0.6666666666666666,0.8,True,0.0
approval_chain_009,A,Q8,activation_timing_logic,boolean,true,true,access_authorized_before_activation,access_authorized_before_activation,True,True,1.0,0.25,0.4,True,0.0
approval_chain_009,B,Q8,activation_timing_logic,boolean,false,true,access_not_authorized_before_activation,access_authorized_before_activation,False,False,1.0,0.5,0.6666666666666666,True,0.0
approval_chain_009,A,Q9,policy_extraction,code_set,information_security_approval|system_owner_approval,information_security_approval|system_owner_approval,required_approvals_listed,approved,True,,1.0,1.0,1.0,True,0.0
approval_chain_009,B,Q9,policy_extraction,code_set,information_security_approval|system_owner_approval,information_security_approval|system_owner_approval,required_approvals_listed,approved,True,,1.0,1.0,1.0,True,0.0
approval_chain_009,A,Q10,activation_confirmation,boolean,true,true,technical_activation_confirmed,approved,True,,1.0,1.0,1.0,True,0.0
approval_chain_009,B,Q10,activation_confirmation,boolean,true,true,technical_activation_confirmed,approved,True,,1.0,1.0,1.0,True,0.0
approval_chain_009,A,Q11,datetime_extraction,datetime,2026-11-10T09:05:00,1011-11-20T09:05:00Z,access_activated_at_09_05,approved,False,,1.0,1.0,1.0,True,0.0
approval_chain_009,B,Q11,datetime_extraction,datetime,2026-11-10T09:05:00,1011-11-20T09:05:00Z,access_activated_at_09_05,approved,False,,1.0,1.0,1.0,True,0.0
approval_chain_009,A,Q12,status_extraction,status,активна,активна,account_active,approved,True,,1.0,1.0,1.0,True,0.0
approval_chain_009,B,Q12,status_extraction,status,активна,активна,account_active,approved,True,,1.0,1.0,1.0,True,0.0
approval_chain_009,A,Q13,usage_confirmation,boolean,true,true,privileged_access_use_recorded,approved,True,,1.0,1.0,1.0,True,0.0
approval_chain_009,B,Q13,usage_confirmation,boolean,true,true,privileged_access_use_recorded,approved,True,,1.0,1.0,1.0,True,0.0
approval_chain_009,A,Q14,policy_application,boolean,true,true,active_access_complies_with_policy,active_access_complies_with_policy,True,True,0.7142857142857143,1.0,0.8333333333333333,True,0.2857142857142857
approval_chain_009,B,Q14,policy_application,boolean,false,true,active_access_not_compliant_with_policy,active_access_complies_with_policy,False,False,0.8,0.8,0.8000000000000002,True,0.2
approval_chain_009,A,Q15,continuation_status,boolean,true,true,access_can_remain_active_without_additional_actions,access_can_remain_active_without_additional_actions,True,True,0.5714285714285714,1.0,0.7272727272727273,True,0.42857142857142855
approval_chain_009,B,Q15,continuation_status,boolean,false,true,access_cannot_remain_active_without_additional_actions,access_can_remain_active_without_additional_actions,False,False,0.6,0.75,0.6666666666666665,True,0.4
approval_chain_009,A,Q16,suspension_requirement,boolean,false,false,no_suspension_required,no_suspension_required,True,True,1.0,0.3333333333333333,0.5,True,0.0
approval_chain_009,B,Q16,suspension_requirement,boolean,true,false,suspension_required_until_completion,no_suspension_required,False,False,1.0,0.3333333333333333,0.5,True,0.0
asset_scope_010,A,Q1,executor_extraction,status,ООО «ТехРесурс»,ООО «ТехРесурс»,executor_tekhresurs,insufficient_information,True,,1.0,1.0,1.0,True,0.0
asset_scope_010,A,Q2,customer_extraction,status,ООО «Северный контур»,ООО «Северный контур»,customer_severny_kontur,insufficient_information,True,,1.0,1.0,1.0,True,0.0
asset_scope_010,A,Q3,amount_extraction,money,300000,300000,monthly_fee_300000,insufficient_information,True,,1.0,1.0,1.0,True,0.0
asset_scope_010,A,Q4,list_serial_extraction,status,NX-7421,NX-7421,listed_serial_nx_7421,insufficient_information,True,,1.0,1.0,1.0,True,0.0
asset_scope_010,A,Q5,asset_name_extraction,status,DB-1,сервер DB-1,repaired_server_db_1,insufficient_information,False,,1.0,0.5,0.6666666666666666,True,0.0
asset_scope_010,A,Q6,inventory_card_extraction,status,NX-7421,NX-7421,inventory_serial_nx_7421,insufficient_information,True,,1.0,1.0,1.0,True,0.0
asset_scope_010,A,Q7,scope_match,boolean,true,true,serial_matches_listed,serial_matches_listed,True,True,1.0,1.0,1.0,True,0.0
asset_scope_010,A,Q8,scope_application,boolean,true,true,repair_inside_subscription,repair_inside_subscription,True,True,0.6666666666666666,1.0,0.8,True,0.3333333333333333
asset_scope_010,A,Q9,repair_date_extraction,date,2026-11-21,2111-11-26,repair_date_2026_11_21,insufficient_information,False,,1.0,1.0,1.0,True,0.0
asset_scope_010,A,Q10,repair_acceptance,boolean,true,true,repair_performed_and_accepted,work_performed_and_accepted,True,,0.5,1.0,0.6666666666666666,True,0.5
asset_scope_010,A,Q11,amount_extraction,money,180000,180000,repair_invoice_180000,insufficient_information,True,,1.0,1.0,1.0,True,0.0
asset_scope_010,A,Q12,document_linking,status,inventory_card,D2,inventory_card_is_linking_document,insufficient_information,False,,1.0,1.0,1.0,True,0.0
asset_scope_010,A,Q13,scope_identifier,categorical,manufacturer_serial_identifier,серийный номер производителя,manufacturer_serial_identifier,insufficient_information,False,,0.5,1.0,0.6666666666666666,True,0.5
asset_scope_010,A,Q14,separate_payment_scope,boolean,false,true,repair_not_separately_payable,repair_not_separately_payable,False,True,0.5,0.25,0.3333333333333333,True,0.5
asset_scope_010,A,Q15,invoice_basis,boolean,false,true,invoice_has_no_basis,invoice_has_basis,False,False,1.0,0.2,0.33333333333333337,True,0.0
asset_scope_010,A,Q16,payment_decision,boolean,false,true,payment_request_not_approvable,payment_request_approvable,False,False,0.75,0.5,0.6,True,0.25
asset_scope_010,B,Q1,executor_extraction,status,ООО «ТехРесурс»,ООО «ТехРесурс»,executor_tekhresurs,approved,True,,1.0,1.0,1.0,True,0.0
asset_scope_010,B,Q2,customer_extraction,status,ООО «Северный контур»,ООО «Северный контур»,customer_severny_kontur,approved,True,,1.0,1.0,1.0,True,0.0
asset_scope_010,B,Q3,amount_extraction,money,300000,300000,monthly_fee_300000,approved,True,,1.0,1.0,1.0,True,0.0
asset_scope_010,B,Q4,list_serial_extraction,status,NX-7421,NX-7421,listed_serial_nx_7421,approved,True,,1.0,1.0,1.0,True,0.0
asset_scope_010,B,Q5,asset_name_extraction,status,DB-1,сервер DB-1,repaired_server_db_1,approved,False,,1.0,0.5,0.6666666666666666,True,0.0
asset_scope_010,B,Q6,inventory_card_extraction,status,NX-7427,NX-7427,inventory_serial_nx_7427,approved,True,,1.0,1.0,1.0,True,0.0
asset_scope_010,B,Q7,scope_match,boolean,false,false,serial_does_not_match_listed,serial_matches_listed,True,False,1.0,1.0,1.0,True,0.0
asset_scope_010,B,Q8,scope_application,boolean,false,false,repair_outside_subscription,repair_outside_subscription,True,True,1.0,0.75,0.8571428571428571,True,0.0
asset_scope_010,B,Q9,repair_date_extraction,date,2026-11-21,2111-11-26,repair_date_2026_11_21,approved,False,,1.0,1.0,1.0,True,0.0
asset_scope_010,B,Q10,repair_acceptance,boolean,true,true,repair_performed_and_accepted,approved,True,,1.0,1.0,1.0,True,0.0
asset_scope_010,B,Q11,amount_extraction,money,180000,180000,repair_invoice_180000,approved,True,,1.0,1.0,1.0,True,0.0
asset_scope_010,B,Q12,document_linking,status,inventory_card,Инвентарная карточка,inventory_card_is_linking_document,approved,False,,1.0,1.0,1.0,True,0.0
asset_scope_010,B,Q13,scope_identifier,categorical,manufacturer_serial_identifier,Серийный номер производителя,manufacturer_serial_identifier,approved,False,,0.5,1.0,0.6666666666666666,True,0.5
asset_scope_010,B,Q14,separate_payment_scope,boolean,true,true,repair_separately_payable,repair_not_separately_payable,True,False,0.5,0.25,0.3333333333333333,True,0.5
asset_scope_010,B,Q15,invoice_basis,boolean,true,true,invoice_has_basis,invoice_has_basis,True,True,1.0,0.2,0.33333333333333337,True,0.0
asset_scope_010,B,Q16,payment_decision,boolean,true,true,payment_request_approvable,payment_request_approvable,True,True,1.0,0.16666666666666666,0.2857142857142857,True,0.0
logistics_014,A,Q1,,categorical,range_2_to_8_celsius,range_2_to_8_celsius,range_2_to_8_celsius,range_2_to_8_celsius,True,True,0.0,0.0,0.0,True,1.0
logistics_014,B,Q1,,categorical,range_2_to_8_celsius,range_2_to_8_celsius,range_2_to_8_celsius,range_2_to_8_celsius,True,True,0.0,0.0,0.0,True,1.0
logistics_014,C,Q1,,categorical,range_2_to_8_celsius,range_2_to_8_celsius,range_2_to_8_celsius,range_2_to_8_celsius,True,True,0.0,0.0,0.0,True,1.0
logistics_014,A,Q2,,boolean,false,false,False,False,True,True,0.0,0.0,0.0,True,1.0
logistics_014,B,Q2,,boolean,true,true,True,True,True,True,0.0,0.0,0.0,True,1.0
logistics_014,C,Q2,,boolean,true,false,True,False,False,False,0.0,0.0,0.0,True,1.0
logistics_014,A,Q3,,boolean,false,false,False,False,True,True,0.0,0.0,0.0,True,1.0
logistics_014,B,Q3,,boolean,true,true,True,True,True,True,0.0,0.0,0.0,True,1.0
logistics_014,C,Q3,,boolean,true,false,True,False,False,False,0.0,0.0,0.0,True,1.0
logistics_014,A,Q4,,boolean,false,false,False,False,True,True,0.0,0.0,0.0,True,1.0
logistics_014,B,Q4,,boolean,true,true,True,True,True,True,0.0,0.0,0.0,True,1.0
logistics_014,C,Q4,,boolean,true,false,True,False,False,False,0.0,0.0,0.0,True,1.0
logistics_014,A,Q5,,boolean,true,true,True,True,True,True,0.0,0.0,0.0,True,1.0
logistics_014,B,Q5,,boolean,false,false,False,False,True,True,0.0,0.0,0.0,True,1.0
logistics_014,C,Q5,,boolean,false,true,False,True,False,False,0.0,0.0,0.0,True,1.0
logistics_014,A,Q6,,categorical,temperature_sla,D0,temperature_sla,not_temperature_sla,False,False,0.0,0.0,0.0,True,1.0
logistics_014,B,Q6,,categorical,temperature_sla,D0,temperature_sla,not_temperature_sla,False,False,0.0,0.0,0.0,True,1.0
logistics_014,C,Q6,,categorical,temperature_sla,D0,temperature_sla,not_temperature_sla,False,False,0.0,0.0,0.0,True,1.0
logistics_014,A,Q7,,integer,0,0,0,0,True,True,0.0,0.0,0.0,True,1.0
logistics_014,B,Q7,,integer,42,42,42,42,True,True,0.0,0.0,0.0,True,1.0
logistics_014,C,Q7,,integer,0,0,0,0,True,True,0.0,0.0,0.0,True,1.0
logistics_014,A,Q8,,boolean,false,false,False,False,True,True,0.0,0.0,0.0,True,1.0
logistics_014,B,Q8,,boolean,false,false,False,False,True,True,0.0,0.0,0.0,True,1.0
logistics_014,C,Q8,,boolean,false,false,False,False,True,True,0.0,0.0,0.0,True,1.0
logistics_014,A,Q9,,boolean,false,false,False,False,True,True,0.0,0.0,0.0,True,0.0
logistics_014,B,Q9,,boolean,false,false,False,False,True,True,0.0,0.0,0.0,True,0.0
logistics_014,C,Q9,,boolean,true,true,True,True,True,True,0.0,0.0,0.0,True,1.0
logistics_014,A,Q10,,boolean,true,true,True,True,True,True,0.0,0.0,0.0,True,0.0
logistics_014,B,Q10,,boolean,true,true,True,True,True,True,0.0,0.0,0.0,True,0.0
logistics_014,C,Q10,,boolean,true,true,True,True,True,True,0.0,0.0,0.0,True,1.0
logistics_014,A,Q11,,categorical,accepted,accepted,accepted,accepted,True,True,0.0,0.0,0.0,True,1.0
logistics_014,B,Q11,,categorical,held,accepted,held,accepted,False,False,0.0,0.0,0.0,True,0.0
logistics_014,C,Q11,,categorical,accepted,not_range_2_to_8_celsius,accepted,accepted,False,True,0.0,0.0,0.0,True,1.0
logistics_014,A,Q12,,categorical,held,accepted,held,not_held,False,False,0.0,0.0,0.0,True,1.0
logistics_014,B,Q12,,categorical,held,held,held,held,True,True,0.0,0.0,0.0,True,1.0
logistics_014,C,Q12,,categorical,held,range_2_to_8_celsius,held,not_held,False,False,0.0,0.0,0.0,True,1.0
logistics_014,A,Q13,,boolean,true,true,True,True,True,True,0.0,0.0,0.0,True,1.0
logistics_014,B,Q13,,boolean,true,true,True,True,True,True,0.0,0.0,0.0,True,1.0
logistics_014,C,Q13,,boolean,false,true,False,True,False,False,0.0,0.0,0.0,True,1.0
logistics_014,A,Q14,,boolean,false,false,False,False,True,True,0.0,0.0,0.0,True,0.0
logistics_014,B,Q14,,boolean,true,false,True,False,False,False,0.0,0.0,0.0,True,0.0
logistics_014,C,Q14,,boolean,false,false,False,False,True,True,0.0,0.0,0.0,True,1.0
iplic_016,A,Q1,,boolean,false,false,False,False,True,True,0.0,0.0,0.0,True,1.0
iplic_016,B,Q1,,boolean,true,true,True,True,True,True,0.0,0.0,0.0,True,1.0
iplic_016,C,Q1,,boolean,false,true,False,True,False,False,0.0,0.0,0.0,True,1.0
iplic_016,A,Q2,,boolean,true,true,True,True,True,True,0.0,0.0,0.0,True,1.0
iplic_016,B,Q2,,boolean,true,false,True,True,False,True,0.0,0.0,0.0,True,1.0
iplic_016,C,Q2,,boolean,true,false,True,True,False,True,0.0,0.0,0.0,True,0.0
iplic_016,A,Q3,,boolean,false,true,False,False,False,True,0.0,0.0,0.0,True,1.0
iplic_016,B,Q3,,boolean,false,false,False,False,True,True,0.0,0.0,0.0,True,1.0
iplic_016,C,Q3,,boolean,false,true,False,False,False,True,0.0,0.0,0.0,True,1.0
iplic_016,A,Q4,,boolean,false,false,False,False,True,True,0.0,0.0,0.0,True,0.0
iplic_016,B,Q4,,boolean,true,true,True,True,True,True,0.0,0.0,0.0,True,1.0
iplic_016,C,Q4,,boolean,false,false,False,False,True,True,0.0,0.0,0.0,True,1.0
iplic_016,A,Q5,,code_set,build_scripts|source_code_archive,['build_scripts|source_code_archive'],build_scripts|source_code_archive,build_scripts|source_code_archive,False,True,0.0,0.0,0.0,True,1.0
iplic_016,B,Q5,,code_set,build_scripts|source_code_archive,['build_scripts|source_code_archive'],build_scripts|source_code_archive,not_build_scripts|source_code_archive,False,False,0.0,0.0,0.0,True,1.0
iplic_016,C,Q5,,code_set,build_scripts|source_code_archive,['build_scripts|source_code_archive'],build_scripts|source_code_archive,not_build_scripts|source_code_archive,False,False,0.0,0.0,0.0,True,1.0
iplic_016,A,Q6,,boolean,false,false,False,False,True,True,0.0,0.0,0.0,True,1.0
iplic_016,B,Q6,,boolean,false,false,False,False,True,True,0.0,0.0,0.0,True,1.0
iplic_016,C,Q6,,boolean,false,false,False,False,True,True,0.0,0.0,0.0,True,1.0
iplic_016,A,Q7,,boolean,true,true,True,True,True,True,0.0,0.0,0.0,True,1.0
iplic_016,B,Q7,,boolean,true,true,True,True,True,True,0.0,0.0,0.0,True,1.0
iplic_016,C,Q7,,boolean,true,true,True,True,True,True,0.0,0.0,0.0,True,1.0
iplic_016,A,Q8,,boolean,false,true,False,True,False,False,0.0,0.0,0.0,True,1.0
iplic_016,B,Q8,,boolean,true,true,True,True,True,True,0.0,0.0,0.0,True,1.0
iplic_016,C,Q8,,boolean,false,true,False,False,False,True,0.0,0.0,0.0,True,1.0
iplic_016,A,Q9,,boolean,false,false,False,False,True,True,0.0,0.0,0.0,True,0.0
iplic_016,B,Q9,,boolean,false,false,False,False,True,True,0.0,0.0,0.0,True,1.0
iplic_016,C,Q9,,boolean,true,false,True,False,False,False,0.0,0.0,0.0,True,1.0
iplic_016,A,Q10,,boolean,true,true,True,True,True,True,0.0,0.0,0.0,True,1.0
iplic_016,B,Q10,,boolean,true,true,True,True,True,True,0.0,0.0,0.0,True,1.0
iplic_016,C,Q10,,boolean,true,true,True,True,True,True,0.0,0.0,0.0,True,1.0
iplic_016,A,Q11,,categorical,missing_working_build_or_no_cure,cure,missing_working_build_or_no_cure,missing_working_build_or_cure,False,False,0.0,0.0,0.0,True,1.0
iplic_016,B,Q11,,categorical,missing_working_build_or_no_cure,cure_deadline_missed,missing_working_build_or_no_cure,missing_working_build_or_cure,False,False,0.0,0.0,0.0,True,1.0
iplic_016,C,Q11,,categorical,missing_working_build_or_no_cure,cure_notice,missing_working_build_or_no_cure,missing_working_build_or_cure,False,False,0.0,0.0,0.0,True,1.0
iplic_016,A,Q12,,boolean,true,false,True,True,False,True,0.0,0.0,0.0,True,1.0
iplic_016,B,Q12,,boolean,true,false,True,True,False,True,0.0,0.0,0.0,True,1.0
iplic_016,C,Q12,,boolean,true,false,True,True,False,True,0.0,0.0,0.0,True,1.0
iplic_016,A,Q13,,boolean,false,false,False,False,True,True,0.0,0.0,0.0,True,0.0
iplic_016,B,Q13,,boolean,false,false,False,False,True,True,0.0,0.0,0.0,True,1.0
iplic_016,C,Q13,,boolean,true,false,True,False,False,False,0.0,0.0,0.0,True,1.0
iplic_016,A,Q14,,boolean,false,true,False,True,False,False,0.0,0.0,0.0,True,1.0
iplic_016,B,Q14,,boolean,true,false,True,False,False,False,0.0,0.0,0.0,True,1.0
iplic_016,C,Q14,,boolean,false,true,False,False,False,True,0.0,0.0,0.0,True,1.0
privacy_017,A,Q1,,categorical,contract_necessity,contract necessity,contract_necessity,consent,False,False,0.0,0.0,0.0,True,1.0
privacy_017,B,Q1,,categorical,consent,contract_necessity,consent,consent,False,True,0.0,0.0,0.0,True,1.0
privacy_017,C,Q1,,categorical,contract_necessity,contract_necessity,contract_necessity,consent,True,False,0.0,0.0,0.0,True,1.0
privacy_017,A,Q2,,categorical,consent,contract necessity,consent,consent,False,True,0.0,0.0,0.0,True,1.0
privacy_017,B,Q2,,categorical,consent,explicit consent,consent,consent,False,True,0.0,0.0,0.0,True,1.0
privacy_017,C,Q2,,categorical,consent,contract_necessity,consent,consent,False,True,0.0,0.0,0.0,True,1.0
privacy_017,A,Q3,,boolean,true,true,True,not_True,True,False,0.0,0.0,0.0,True,1.0
privacy_017,B,Q3,,boolean,true,true,True,not_True,True,False,0.0,0.0,0.0,True,1.0
privacy_017,C,Q3,,boolean,true,true,True,not_True,True,False,0.0,0.0,0.0,True,1.0
privacy_017,A,Q4,,boolean,true,true,True,True,True,True,0.0,0.0,0.0,True,1.0
privacy_017,B,Q4,,boolean,false,false,False,False,True,True,0.0,0.0,0.0,True,1.0
privacy_017,C,Q4,,boolean,true,true,True,True,True,True,0.0,0.0,0.0,True,1.0
privacy_017,A,Q5,,boolean,true,false,True,True,False,True,0.0,0.0,0.0,False,1.0
privacy_017,B,Q5,,boolean,false,false,False,False,True,True,0.0,0.0,0.0,False,1.0
privacy_017,C,Q5,,boolean,true,false,True,True,False,True,0.0,0.0,0.0,False,1.0
privacy_017,A,Q6,,boolean,true,true,True,True,True,True,0.0,0.0,0.0,True,1.0
privacy_017,B,Q6,,boolean,true,true,True,True,True,True,0.0,0.0,0.0,True,1.0
privacy_017,C,Q6,,boolean,true,true,True,True,True,True,0.0,0.0,0.0,True,1.0
privacy_017,A,Q7,,boolean,false,false,False,not_False,True,False,0.0,0.0,0.0,True,1.0
privacy_017,B,Q7,,boolean,false,false,False,False,True,True,0.0,0.0,0.0,True,0.0
privacy_017,C,Q7,,boolean,false,false,False,not_False,True,False,0.0,0.0,0.0,True,0.0
privacy_017,A,Q8,,boolean,false,false,False,True,True,False,0.0,0.0,0.0,True,1.0
privacy_017,B,Q8,,boolean,false,false,False,False,True,True,0.0,0.0,0.0,True,0.0
privacy_017,C,Q8,,boolean,true,true,True,True,True,True,0.0,0.0,0.0,True,1.0
privacy_017,A,Q9,,boolean,true,true,True,True,True,True,0.0,0.0,0.0,True,1.0
privacy_017,B,Q9,,boolean,true,true,True,True,True,True,0.0,0.0,0.0,True,1.0
privacy_017,C,Q9,,boolean,true,true,True,True,True,True,0.0,0.0,0.0,True,1.0
privacy_017,A,Q10,,boolean,false,false,False,True,True,False,0.0,0.0,0.0,True,1.0
privacy_017,B,Q10,,boolean,true,false,True,False,False,False,0.0,0.0,0.0,True,1.0
privacy_017,C,Q10,,boolean,false,false,False,True,True,False,0.0,0.0,0.0,True,1.0
privacy_017,A,Q11,,categorical,boolean,contract_necessity,boolean,not_boolean,False,False,0.0,0.0,0.0,True,1.0
privacy_017,B,Q11,,categorical,boolean,boolean,boolean,boolean,True,True,0.0,0.0,0.0,True,1.0
privacy_017,C,Q11,,categorical,boolean,boolean,boolean,not_boolean,True,False,0.0,0.0,0.0,True,1.0
privacy_017,A,Q12,,boolean,false,false,False,True,True,False,0.0,0.0,0.0,True,1.0
privacy_017,B,Q12,,boolean,false,false,False,False,True,True,0.0,0.0,0.0,True,0.0
privacy_017,C,Q12,,boolean,true,false,True,True,False,True,0.0,0.0,0.0,True,1.0
privacy_017,A,Q13,,boolean,true,true,True,True,True,True,0.0,0.0,0.0,True,1.0
privacy_017,B,Q13,,boolean,true,true,True,True,True,True,0.0,0.0,0.0,True,1.0
privacy_017,C,Q13,,boolean,true,true,True,True,True,True,0.0,0.0,0.0,True,1.0
privacy_017,A,Q14,,boolean,false,false,False,not_False,True,False,0.0,0.0,0.0,True,1.0
privacy_017,B,Q14,,boolean,false,false,False,False,True,True,0.0,0.0,0.0,True,0.0
privacy_017,C,Q14,,boolean,false,false,False,not_False,True,False,0.0,0.0,0.0,True,0.0
hr_019,A,Q1,,date,2026-06-11,2026-06-11,2026-06-11,2026-06-11,True,True,0.0,0.0,0.0,True,1.0
hr_019,B,Q1,,date,2026-06-11,2026-06-11,2026-06-11,2026-06-11,True,True,0.0,0.0,0.0,True,1.0
hr_019,C,Q1,,date,2026-06-11,2026-06-11,2026-06-11,2026-06-11,True,True,0.0,0.0,0.0,True,1.0
hr_019,A,Q2,,date,2026-06-10,2026-06-10,2026-06-10,2026-06-10,True,True,0.0,0.0,0.0,True,1.0
hr_019,B,Q2,,date,2026-06-13,2026-06-13,2026-06-13,2026-06-13,True,True,0.0,0.0,0.0,True,1.0
hr_019,C,Q2,,date,2026-06-10,2026-06-11,2026-06-10,2026-06-10,False,True,0.0,0.0,0.0,True,1.0
hr_019,A,Q3,,date,2026-06-10,2026-06-10,2026-06-10,2026-06-10,True,True,0.0,0.0,0.0,True,1.0
hr_019,B,Q3,,date,2026-06-13,2026-06-13,2026-06-13,2026-06-13,True,True,0.0,0.0,0.0,True,1.0
hr_019,C,Q3,,date,2026-06-10,2026-06-11,2026-06-10,2026-06-10,False,True,0.0,0.0,0.0,True,1.0
hr_019,A,Q4,,boolean,true,true,True,not_True,True,False,0.0,0.0,0.0,True,1.0
hr_019,B,Q4,,boolean,true,false,True,not_True,False,False,0.0,0.0,0.0,True,1.0
hr_019,C,Q4,,boolean,true,false,True,not_True,False,False,0.0,0.0,0.0,True,1.0
hr_019,A,Q5,,boolean,true,true,True,True,True,True,0.0,0.0,0.0,True,1.0
hr_019,B,Q5,,boolean,false,true,False,True,False,False,0.0,0.0,0.0,True,1.0
hr_019,C,Q5,,boolean,true,false,True,True,False,True,0.0,0.0,0.0,True,1.0
hr_019,A,Q6,,boolean,false,true,False,True,False,False,0.0,0.0,0.0,True,1.0
hr_019,B,Q6,,boolean,true,true,True,True,True,True,0.0,0.0,0.0,True,1.0
hr_019,C,Q6,,boolean,false,true,False,True,False,False,0.0,0.0,0.0,True,1.0
hr_019,A,Q7,,boolean,false,false,False,not_False,True,False,0.0,0.0,0.0,True,1.0
hr_019,B,Q7,,boolean,false,false,False,not_False,True,False,0.0,0.0,0.0,True,1.0
hr_019,C,Q7,,boolean,false,false,False,not_False,True,False,0.0,0.0,0.0,True,1.0
hr_019,A,Q8,,boolean,false,false,False,False,True,True,0.0,0.0,0.0,True,0.0
hr_019,B,Q8,,boolean,false,false,False,False,True,True,0.0,0.0,0.0,True,0.0
hr_019,C,Q8,,boolean,true,true,True,True,True,True,0.0,0.0,0.0,True,1.0
hr_019,A,Q9,,boolean,true,true,True,True,True,True,0.0,0.0,0.0,True,1.0
hr_019,B,Q9,,boolean,true,true,True,True,True,True,0.0,0.0,0.0,True,1.0
hr_019,C,Q9,,boolean,true,true,True,True,True,True,0.0,0.0,0.0,True,1.0
hr_019,A,Q10,,identifier,iam_log,D2,iam_log,not_iam_log,False,False,0.0,0.0,0.0,True,1.0
hr_019,B,Q10,,identifier,iam_log,D2,iam_log,not_iam_log,False,False,0.0,0.0,0.0,True,1.0
hr_019,C,Q10,,identifier,iam_log,D2,iam_log,not_iam_log,False,False,0.0,0.0,0.0,True,1.0
hr_019,A,Q11,,boolean,false,false,False,False,True,True,0.0,0.0,0.0,True,1.0
hr_019,B,Q11,,boolean,false,false,False,not_False,True,False,0.0,0.0,0.0,True,1.0
hr_019,C,Q11,,boolean,false,false,False,not_False,True,False,0.0,0.0,0.0,True,1.0
hr_019,A,Q12,,boolean,true,true,True,True,True,True,0.0,0.0,0.0,True,1.0
hr_019,B,Q12,,boolean,true,true,True,True,True,True,0.0,0.0,0.0,True,1.0
hr_019,C,Q12,,boolean,true,true,True,True,True,True,0.0,0.0,0.0,True,1.0
hr_019,A,Q13,,boolean,false,false,False,False,True,True,0.0,0.0,0.0,True,0.0
hr_019,B,Q13,,boolean,false,false,False,False,True,True,0.0,0.0,0.0,True,0.0
hr_019,C,Q13,,boolean,true,false,True,True,False,True,0.0,0.0,0.0,True,1.0
hr_019,A,Q14,,boolean,false,true,False,True,False,False,0.0,0.0,0.0,True,1.0
hr_019,B,Q14,,boolean,true,true,True,True,True,True,0.0,0.0,0.0,True,1.0
hr_019,C,Q14,,boolean,false,true,False,True,False,False,0.0,0.0,0.0,True,1.0
procure_022,A,Q1,,categorical,registry,The supplier registry is authoritative,registry,registry,False,True,0.0,0.0,0.0,True,1.0
procure_022,B,Q1,,categorical,registry,The supplier registry is authoritative,registry,registry,False,True,0.0,0.0,0.0,True,1.0
procure_022,C,Q1,,categorical,registry,The supplier registry,registry,registry,False,True,0.0,0.0,0.0,True,1.0
procure_022,A,Q2,,datetime,2026-06-20T10:00:00,1231-01-01T00:00:00Z,2026-06-20T10:00:00,not_2026-06-20T10:00:00,False,False,0.0,0.0,0.0,True,1.0
procure_022,B,Q2,,datetime,2026-06-20T10:00:00,0401-01-01T00:00:00Z,2026-06-20T10:00:00,not_2026-06-20T10:00:00,False,False,0.0,0.0,0.0,True,1.0
procure_022,C,Q2,,datetime,2026-06-20T10:00:00,0401-01-01T00:00:00Z,2026-06-20T10:00:00,not_2026-06-20T10:00:00,False,False,0.0,0.0,0.0,True,1.0
procure_022,A,Q3,,boolean,true,true,True,True,True,True,0.0,0.0,0.0,True,1.0
procure_022,B,Q3,,boolean,false,false,False,False,True,True,0.0,0.0,0.0,True,1.0
procure_022,C,Q3,,boolean,true,false,True,False,False,False,0.0,0.0,0.0,True,1.0
procure_022,A,Q4,,boolean,true,false,True,False,False,False,0.0,0.0,0.0,True,0.0
procure_022,B,Q4,,boolean,false,false,False,False,True,True,0.0,0.0,0.0,True,1.0
procure_022,C,Q4,,boolean,true,false,True,False,False,False,0.0,0.0,0.0,True,1.0
procure_022,A,Q5,,boolean,false,false,False,False,True,True,0.0,0.0,0.0,True,1.0
procure_022,B,Q5,,boolean,false,false,False,False,True,True,0.0,0.0,0.0,True,1.0
procure_022,C,Q5,,boolean,false,false,False,False,True,True,0.0,0.0,0.0,True,1.0
procure_022,A,Q6,,boolean,false,false,False,False,True,True,0.0,0.0,0.0,True,0.0
procure_022,B,Q6,,boolean,true,false,True,False,False,False,0.0,0.0,0.0,True,1.0
procure_022,C,Q6,,boolean,false,false,False,False,True,True,0.0,0.0,0.0,True,1.0
procure_022,A,Q7,,boolean,true,true,True,True,True,True,0.0,0.0,0.0,True,1.0
procure_022,B,Q7,,boolean,true,true,True,True,True,True,0.0,0.0,0.0,True,1.0
procure_022,C,Q7,,boolean,true,true,True,True,True,True,0.0,0.0,0.0,True,1.0
procure_022,A,Q8,,boolean,false,false,False,False,True,True,0.0,0.0,0.0,True,0.0
procure_022,B,Q8,,boolean,false,false,False,False,True,True,0.0,0.0,0.0,True,0.0
procure_022,C,Q8,,boolean,true,true,True,True,True,True,0.0,0.0,0.0,True,1.0
procure_022,A,Q9,,boolean,true,true,True,True,True,True,0.0,0.0,0.0,True,1.0
procure_022,B,Q9,,boolean,true,true,True,True,True,True,0.0,0.0,0.0,True,1.0
procure_022,C,Q9,,boolean,true,true,True,True,True,True,0.0,0.0,0.0,True,1.0
procure_022,A,Q10,,boolean,false,true,False,False,False,True,0.0,0.0,0.0,True,1.0
procure_022,B,Q10,,boolean,false,false,False,False,True,True,0.0,0.0,0.0,True,1.0
procure_022,C,Q10,,boolean,false,true,False,False,False,True,0.0,0.0,0.0,True,1.0
procure_022,A,Q11,,categorical,ineligible,The vendor is not eligible regardless of certificates,ineligible,not_ineligible,False,False,0.0,0.0,0.0,True,1.0
procure_022,B,Q11,,categorical,ineligible,The vendor is not eligible regardless of certificates,ineligible,not_ineligible,False,False,0.0,0.0,0.0,True,1.0
procure_022,C,Q11,,categorical,ineligible,The vendor is not eligible,ineligible,not_ineligible,False,False,0.0,0.0,0.0,True,1.0
procure_022,A,Q12,,boolean,true,true,True,True,True,True,0.0,0.0,0.0,True,1.0
procure_022,B,Q12,,boolean,true,true,True,True,True,True,0.0,0.0,0.0,True,1.0
procure_022,C,Q12,,boolean,true,true,True,True,True,True,0.0,0.0,0.0,True,1.0
procure_022,A,Q13,,boolean,false,false,False,False,True,True,0.0,0.0,0.0,True,1.0
procure_022,B,Q13,,boolean,true,false,True,False,False,False,0.0,0.0,0.0,True,1.0
procure_022,C,Q13,,boolean,false,false,False,False,True,True,0.0,0.0,0.0,True,1.0
procure_022,A,Q14,,boolean,false,false,False,False,True,True,0.0,0.0,0.0,True,0.0
procure_022,B,Q14,,boolean,false,false,False,False,True,True,0.0,0.0,0.0,True,0.0
procure_022,C,Q14,,boolean,true,false,True,False,False,False,0.0,0.0,0.0,True,1.0
finset_011,A,Q1,Q1,categorical,reimbursement_policy,reimbursement_policy,reimbursement_policy,insufficient_information,True,,1.0,1.0,1.0,True,0.0
finset_011,B,Q1,Q1,categorical,reimbursement_policy,reimbursement_policy,reimbursement_policy,insufficient_information,True,,1.0,1.0,1.0,True,0.0
finset_011,C,Q1,Q1,categorical,reimbursement_policy,reimbursement_policy,reimbursement_policy,insufficient_information,True,,1.0,1.0,1.0,True,0.0
finset_011,A,Q2,Q2,identifier,PRE-1101,PRE-1101,PRE-1101,insufficient_information,True,,1.0,1.0,1.0,True,0.0
finset_011,B,Q2,Q2,identifier,PRE-1101,PRE-1101,PRE-1101,insufficient_information,True,,1.0,1.0,1.0,True,0.0
finset_011,C,Q2,Q2,identifier,PRE-3301,PRE-3301,PRE-3301,insufficient_information,True,,1.0,1.0,1.0,True,0.0
finset_011,A,Q3,Q3,datetime,2026-06-01T09:00:00,2026-06-01T09:00:00Z,2026-06-01T09:00:00,insufficient_information,False,,1.0,1.0,1.0,True,0.0
finset_011,B,Q3,Q3,datetime,2026-06-01T09:00:00,2026-06-01T09:00:00Z,2026-06-01T09:00:00,insufficient_information,False,,1.0,1.0,1.0,True,0.0
finset_011,C,Q3,Q3,datetime,2026-06-01T09:15:00,2026-06-01T09:15:00Z,2026-06-01T09:15:00,insufficient_information,False,,1.0,1.0,1.0,True,0.0
finset_011,A,Q4,Q4,boolean,false,false,False,False,True,True,1.0,1.0,1.0,True,0.0
finset_011,B,Q4,Q4,boolean,true,true,True,True,True,True,1.0,1.0,1.0,True,0.0
finset_011,C,Q4,Q4,boolean,false,false,False,False,True,True,1.0,1.0,1.0,True,0.0
finset_011,A,Q5,Q5,categorical,rejected,rejected,rejected,rejected,True,True,1.0,1.0,1.0,True,0.0
finset_011,B,Q5,Q5,categorical,approved,approved,approved,approved,True,True,1.0,1.0,1.0,True,0.0
finset_011,C,Q5,Q5,categorical,rejected,rejected,rejected,rejected,True,True,1.0,1.0,1.0,True,0.0
finset_011,A,Q6,Q6,money,1200,1200,1200,insufficient_information,True,,1.0,1.0,1.0,True,0.0
finset_011,B,Q6,Q6,money,0,0,0,insufficient_information,True,,1.0,1.0,1.0,True,0.0
finset_011,C,Q6,Q6,money,1200,1200,1200,insufficient_information,True,,1.0,1.0,1.0,True,0.0
finset_011,A,Q7,Q7,date,2026-06-01,2026-06-01,2026-06-01,insufficient_information,True,,1.0,1.0,1.0,True,0.0
finset_011,B,Q7,Q7,date,2026-06-03,2026-06-03,2026-06-03,insufficient_information,True,,1.0,1.0,1.0,True,0.0
finset_011,C,Q7,Q7,date,2026-06-01,2026-06-01,2026-06-01,insufficient_information,True,,1.0,1.0,1.0,True,0.0
finset_011,A,Q8,Q8,code_set,non_taxable_scope|taxable_scope,non_taxable_scope|taxable_scope,taxable_scope|non_taxable_scope,insufficient_information,True,,0.0,0.0,0.0,True,1.0
finset_011,B,Q8,Q8,code_set,non_taxable_scope|taxable_scope,non_taxable_scope|taxable_scope,taxable_scope|non_taxable_scope,insufficient_information,True,,0.0,0.0,0.0,True,1.0
finset_011,C,Q8,Q8,code_set,non_taxable_scope|taxable_scope,non_taxable_scope|taxable_scope,taxable_scope|non_taxable_scope,insufficient_information,True,,0.0,0.0,0.0,True,1.0
finset_011,A,Q9,Q9,identifier,INV-1101,INV-1101,INV-1101,insufficient_information,True,,1.0,1.0,1.0,True,0.0
finset_011,B,Q9,Q9,identifier,INV-1101,INV-1101,INV-1101,insufficient_information,True,,1.0,1.0,1.0,True,0.0
finset_011,C,Q9,Q9,identifier,INV-1101,INV-1101,INV-1101,insufficient_information,True,,1.0,1.0,1.0,True,0.0
finset_011,A,Q10,Q10,boolean,true,true,True,True,True,True,1.0,1.0,1.0,True,0.0
finset_011,B,Q10,Q10,boolean,true,true,True,True,True,True,1.0,1.0,1.0,True,0.0
finset_011,C,Q10,Q10,boolean,true,true,True,True,True,True,1.0,1.0,1.0,True,0.0
finset_011,A,Q11,Q11,boolean,false,false,False,False,True,True,1.0,1.0,1.0,True,0.0
finset_011,B,Q11,Q11,boolean,false,false,False,False,True,True,1.0,1.0,1.0,True,0.0
finset_011,C,Q11,Q11,boolean,false,false,False,False,True,True,1.0,1.0,1.0,True,0.0
finset_011,A,Q12,Q12,categorical,reimbursement_policy,reimbursement_policy,reimbursement_policy,reimbursement_policy,True,True,1.0,1.0,1.0,True,0.0
finset_011,B,Q12,Q12,categorical,reimbursement_policy,reimbursement_policy,reimbursement_policy,reimbursement_policy,True,True,1.0,1.0,1.0,True,0.0
finset_011,C,Q12,Q12,categorical,reimbursement_policy,reimbursement_policy,reimbursement_policy,reimbursement_policy,True,True,1.0,1.0,1.0,True,0.0
finset_011,A,Q13,Q13,boolean,false,false,False,False,True,True,1.0,1.0,1.0,True,0.0
finset_011,B,Q13,Q13,boolean,false,false,False,False,True,True,1.0,1.0,1.0,True,0.0
finset_011,C,Q13,Q13,boolean,true,false,True,False,False,False,0.0,0.0,0.0,True,0.0
finset_011,A,Q14,Q14,categorical,rejected,rejected,rejected,rejected,True,True,1.0,1.0,1.0,True,0.0
finset_011,B,Q14,Q14,categorical,approved,approved,approved,approved,True,True,1.0,1.0,1.0,True,0.0
finset_011,C,Q14,Q14,categorical,rejected,rejected,rejected,rejected,True,True,1.0,1.0,1.0,True,0.0
finset_012,A,Q1,Q1,categorical,fx_clause,The Currency clause trigger case is governed by the fx_clause,fx_clause,insufficient_information,False,,1.0,1.0,1.0,True,0.0
finset_012,B,Q1,Q1,categorical,fx_clause,The Currency clause trigger case is governed by the fx_clause,fx_clause,insufficient_information,False,,1.0,1.0,1.0,True,0.0
finset_012,C,Q1,Q1,categorical,fx_clause,The Currency clause trigger case is governed by the fx_clause,fx_clause,insufficient_information,False,,1.0,1.0,1.0,True,0.0
finset_012,A,Q2,Q2,identifier,FX-1201,FX-1201,FX-1201,insufficient_information,True,,1.0,1.0,1.0,True,0.0
finset_012,B,Q2,Q2,identifier,FX-1201,FX-1201,FX-1201,insufficient_information,True,,1.0,1.0,1.0,True,0.0
finset_012,C,Q2,Q2,identifier,FX-3301,FX-3301,FX-3301,insufficient_information,True,,1.0,1.0,1.0,True,0.0
finset_012,A,Q3,Q3,datetime,2026-07-01T10:00:00,2026-07-01T10:00:00Z,2026-07-01T10:00:00,insufficient_information,False,,1.0,1.0,1.0,True,0.0
finset_012,B,Q3,Q3,datetime,2026-07-01T10:00:00,2026-07-01T10:00:00Z,2026-07-01T10:00:00,insufficient_information,False,,1.0,1.0,1.0,True,0.0
finset_012,C,Q3,Q3,datetime,2026-07-01T10:11:00,2026-07-01T10:11:00Z,2026-07-01T10:11:00,insufficient_information,False,,1.0,1.0,1.0,True,0.0
finset_012,A,Q4,Q4,boolean,false,false,False,False,True,True,1.0,1.0,1.0,True,0.0
finset_012,B,Q4,Q4,boolean,true,true,True,True,True,True,1.0,1.0,1.0,True,0.0
finset_012,C,Q4,Q4,boolean,false,false,False,False,True,True,1.0,1.0,1.0,True,0.0
finset_012,A,Q5,Q5,categorical,not_indexed,not_indexed,not_indexed,not_indexed,True,True,1.0,1.0,1.0,True,0.0
finset_012,B,Q5,Q5,categorical,indexed,indexed,indexed,indexed,True,True,1.0,1.0,1.0,True,0.0
finset_012,C,Q5,Q5,categorical,not_indexed,not_indexed,not_indexed,not_indexed,True,True,1.0,1.0,1.0,True,0.0
finset_012,A,Q6,Q6,money,10000,10000,10000,insufficient_information,True,,1.0,1.0,1.0,True,0.0
finset_012,B,Q6,Q6,money,12000,12000,12000,insufficient_information,True,,1.0,1.0,1.0,True,0.0
finset_012,C,Q6,Q6,money,10000,10000,10000,insufficient_information,True,,1.0,1.0,1.0,True,0.0
finset_012,A,Q7,Q7,date,2026-07-01,2026-07-01,2026-07-01,insufficient_information,True,,1.0,1.0,1.0,True,0.0
finset_012,B,Q7,Q7,date,2026-07-15,2026-07-15,2026-07-15,insufficient_information,True,,1.0,1.0,1.0,True,0.0
finset_012,C,Q7,Q7,date,2026-07-01,2026-07-01,2026-07-01,insufficient_information,True,,1.0,1.0,1.0,True,0.0
finset_012,A,Q8,Q8,code_set,fx_indexation|threshold_check,fx_indexation|threshold_check,threshold_check|fx_indexation,insufficient_information,True,,0.0,0.0,0.0,True,1.0
finset_012,B,Q8,Q8,code_set,fx_indexation|threshold_check,fx_indexation|threshold_check,threshold_check|fx_indexation,insufficient_information,True,,0.0,0.0,0.0,True,1.0
finset_012,C,Q8,Q8,code_set,fx_indexation|threshold_check,fx_indexation|threshold_check,threshold_check|fx_indexation,insufficient_information,True,,0.0,0.0,0.0,True,1.0
finset_012,A,Q9,Q9,identifier,FX-1201,FX-1201,FX-1201,insufficient_information,True,,1.0,1.0,1.0,True,0.0
finset_012,B,Q9,Q9,identifier,FX-1201,FX-1201,FX-1201,insufficient_information,True,,1.0,1.0,1.0,True,0.0
finset_012,C,Q9,Q9,identifier,FX-1201,FX-1201,FX-1201,insufficient_information,True,,1.0,1.0,1.0,True,0.0
finset_012,A,Q10,Q10,boolean,true,true,True,True,True,True,1.0,1.0,1.0,True,0.0
finset_012,B,Q10,Q10,boolean,true,true,True,True,True,True,1.0,1.0,1.0,True,0.0
finset_012,C,Q10,Q10,boolean,true,true,True,True,True,True,1.0,1.0,1.0,True,0.0
finset_012,A,Q11,Q11,boolean,false,false,False,False,True,True,1.0,1.0,1.0,True,0.0
finset_012,B,Q11,Q11,boolean,false,false,False,False,True,True,1.0,1.0,1.0,True,0.0
finset_012,C,Q11,Q11,boolean,false,false,False,False,True,True,1.0,1.0,1.0,True,0.0
finset_012,A,Q12,Q12,categorical,fx_clause,fx_clause,fx_clause,fx_clause,True,True,1.0,1.0,1.0,True,0.0
finset_012,B,Q12,Q12,categorical,fx_clause,fx_clause,fx_clause,fx_clause,True,True,1.0,1.0,1.0,True,0.0
finset_012,C,Q12,Q12,categorical,fx_clause,fx_clause,fx_clause,fx_clause,True,True,1.0,1.0,1.0,True,0.0
finset_012,A,Q13,Q13,boolean,false,false,False,False,True,True,1.0,1.0,1.0,True,0.0
finset_012,B,Q13,Q13,boolean,false,false,False,False,True,True,1.0,1.0,1.0,True,0.0
finset_012,C,Q13,Q13,boolean,true,false,True,False,False,False,1.0,1.0,1.0,True,0.0
finset_012,A,Q14,Q14,categorical,not_indexed,not_indexed,not_indexed,not_indexed,True,True,1.0,1.0,1.0,True,0.0
finset_012,B,Q14,Q14,categorical,indexed,indexed,indexed,indexed,True,True,1.0,1.0,1.0,True,0.0
finset_012,C,Q14,Q14,categorical,not_indexed,not_indexed,not_indexed,not_indexed,True,True,1.0,1.0,1.0,True,0.0
logistics_013,A,Q1,Q1,categorical,shipping_procedure,shipping_procedure,shipping_procedure,The Split shipment acceptance case is governed by the shipping_procedure.,True,,1.0,1.0,1.0,True,0.0
logistics_013,B,Q1,Q1,categorical,shipping_procedure,shipping_procedure,shipping_procedure,The Split shipment acceptance case is governed by the shipping_procedure.,True,,1.0,1.0,1.0,True,0.0
logistics_013,C,Q1,Q1,categorical,shipping_procedure,shipping_procedure,shipping_procedure,The Split shipment acceptance case is governed by the shipping_procedure.,True,,1.0,1.0,1.0,True,0.0
logistics_013,A,Q2,Q2,identifier,SHIP-1301,SHIP-1301,SHIP-1301,The reference number is SHIP-1301.,True,,1.0,1.0,1.0,True,0.0
logistics_013,B,Q2,Q2,identifier,SHIP-1301,SHIP-1301,SHIP-1301,reference_number SHIP-1301,True,,1.0,1.0,1.0,True,0.0
logistics_013,C,Q2,Q2,identifier,SHIP-3301,SHIP-3301,SHIP-3301,reference_number SHIP-3301,True,,1.0,1.0,1.0,True,0.0
logistics_013,A,Q3,Q3,datetime,2026-08-01T11:00:00,2026-08-01T11:00:00Z,2026-08-01T11:00:00,The timestamp is 2026-08-01T11:00:00.,False,,1.0,1.0,1.0,True,0.0
logistics_013,B,Q3,Q3,datetime,2026-08-01T11:00:00,2026-08-01T11:00:00Z,2026-08-01T11:00:00,timestamp 2026-08-01T11:00:00,False,,1.0,1.0,1.0,True,0.0
logistics_013,C,Q3,Q3,datetime,2026-08-01T11:20:00,2026-08-01T11:20:00Z,2026-08-01T11:20:00,timestamp 2026-08-01T11:20:00,False,,1.0,1.0,1.0,True,0.0
logistics_013,A,Q4,Q4,boolean,false,true,False,True,False,False,1.0,1.0,1.0,True,0.0
logistics_013,B,Q4,Q4,boolean,true,true,True,True,True,True,1.0,1.0,1.0,True,0.0
logistics_013,C,Q4,Q4,boolean,false,true,False,True,False,False,1.0,1.0,1.0,True,0.0
logistics_013,A,Q5,Q5,categorical,partial_acceptance,partial_acceptance,partial_acceptance,partial_acceptance,True,True,1.0,1.0,1.0,True,0.0
logistics_013,B,Q5,Q5,categorical,full_acceptance,full_acceptance,full_acceptance,full_acceptance,True,True,1.0,1.0,1.0,True,0.0
logistics_013,C,Q5,Q5,categorical,partial_acceptance,partial_acceptance,partial_acceptance,partial_acceptance,True,True,1.0,1.0,1.0,True,0.0
logistics_013,A,Q6,Q6,integer,1,1,1,Only one custody chain is complete.,True,,1.0,1.0,1.0,True,0.0
logistics_013,B,Q6,Q6,integer,2,2,2,2,True,,1.0,1.0,1.0,True,0.0
logistics_013,C,Q6,Q6,integer,1,1,1,Only one custody chain is complete.,True,,1.0,1.0,1.0,True,0.0
logistics_013,A,Q7,Q7,date,2026-08-01,2026-08-01,2026-08-01,The deadline date is 2026-08-01.,True,,1.0,1.0,1.0,True,0.0
logistics_013,B,Q7,Q7,date,2026-08-02,2026-08-02,2026-08-02,deadline_date 2026-08-02,True,,1.0,1.0,1.0,True,0.0
logistics_013,C,Q7,Q7,date,2026-08-01,2026-08-01,2026-08-01,deadline_date 2026-08-01,True,,1.0,1.0,1.0,True,0.0
logistics_013,A,Q8,Q8,code_set,warehouse_a|warehouse_b,warehouse_a|warehouse_b,warehouse_a|warehouse_b,The code_set is warehouse_a | warehouse_b.,True,,0.0,0.0,0.0,True,1.0
logistics_013,B,Q8,Q8,code_set,warehouse_a|warehouse_b,warehouse_a|warehouse_b,warehouse_a|warehouse_b,code_set warehouse_a | warehouse_b,True,,0.0,0.0,0.0,True,1.0
logistics_013,C,Q8,Q8,code_set,warehouse_a|warehouse_b,warehouse_a|warehouse_b,warehouse_a|warehouse_b,code_set warehouse_a | warehouse_b,True,,0.0,0.0,0.0,True,1.0
logistics_013,A,Q9,Q9,identifier,SHIP-1301,SHIP-1301,SHIP-1301,The identifier is SHIP-1301.,True,,1.0,1.0,1.0,True,0.0
logistics_013,B,Q9,Q9,identifier,SHIP-1301,SHIP-1301,SHIP-1301,identifier SHIP-1301,True,,1.0,1.0,1.0,True,0.0
logistics_013,C,Q9,Q9,identifier,SHIP-1301,SHIP-1301,SHIP-1301,identifier SHIP-1301,True,,1.0,1.0,1.0,True,0.0
logistics_013,A,Q10,Q10,boolean,true,true,True,True,True,True,1.0,1.0,1.0,True,0.0
logistics_013,B,Q10,Q10,boolean,true,true,True,True,True,True,1.0,1.0,1.0,True,0.0
logistics_013,C,Q10,Q10,boolean,true,true,True,True,True,True,1.0,1.0,1.0,True,0.0
logistics_013,A,Q11,Q11,boolean,false,false,False,False,True,True,1.0,1.0,1.0,True,0.0
logistics_013,B,Q11,Q11,boolean,false,false,False,False,True,True,1.0,1.0,1.0,True,0.0
logistics_013,C,Q11,Q11,boolean,false,false,False,False,True,True,1.0,1.0,1.0,True,0.0
logistics_013,A,Q12,Q12,categorical,shipping_procedure,shipping_procedure,shipping_procedure,shipping_procedure,True,True,1.0,1.0,1.0,True,0.0
logistics_013,B,Q12,Q12,categorical,shipping_procedure,shipping_procedure,shipping_procedure,shipping_procedure,True,True,1.0,1.0,1.0,True,0.0
logistics_013,C,Q12,Q12,categorical,shipping_procedure,shipping_procedure,shipping_procedure,shipping_procedure,True,True,1.0,1.0,1.0,True,0.0
logistics_013,A,Q13,Q13,boolean,false,false,False,False,True,True,1.0,1.0,1.0,True,0.0
logistics_013,B,Q13,Q13,boolean,false,false,False,False,True,True,1.0,1.0,1.0,True,0.0
logistics_013,C,Q13,Q13,boolean,true,false,True,False,False,False,1.0,1.0,1.0,True,0.0
logistics_013,A,Q14,Q14,categorical,partial_acceptance,partial_acceptance,partial_acceptance,partial_acceptance,True,True,1.0,1.0,1.0,True,0.0
logistics_013,B,Q14,Q14,categorical,full_acceptance,full_acceptance,full_acceptance,full_acceptance,True,True,1.0,1.0,1.0,True,0.0
logistics_013,C,Q14,Q14,categorical,partial_acceptance,partial_acceptance,partial_acceptance,partial_acceptance,True,True,1.0,1.0,1.0,True,0.0
iplic_015,A,Q1,Q1,categorical,license_agreement,license_agreement,license_agreement,The controlling source for the territory license scope case is the license_agreement.,True,,1.0,1.0,1.0,True,0.0
iplic_015,B,Q1,Q1,categorical,license_agreement,license_agreement,license_agreement,controlling_rule,True,,1.0,1.0,1.0,True,0.0
iplic_015,C,Q1,Q1,categorical,license_agreement,license_agreement,license_agreement,controlling_rule,True,,1.0,1.0,1.0,True,0.0
iplic_015,A,Q2,Q2,identifier,LIC-1501,LIC-1501,LIC-1501,The reference number shown in the nuisance memo is LIC-1501.,True,,1.0,1.0,1.0,True,0.0
iplic_015,B,Q2,Q2,identifier,LIC-1501,LIC-1501,LIC-1501,reference_number,True,,1.0,1.0,1.0,True,0.0
iplic_015,C,Q2,Q2,identifier,LIC-3301,LIC-3301,LIC-3301,reference_number,True,,1.0,1.0,1.0,True,0.0
iplic_015,A,Q3,Q3,datetime,2026-09-01T12:00:00,2026-09-01T12:00:00Z,2026-09-01T12:00:00,The timestamp shown in the nuisance memo is 2026-09-01T12:00:00.,False,,1.0,1.0,1.0,True,0.0
iplic_015,B,Q3,Q3,datetime,2026-09-01T12:00:00,2026-09-01T12:00:00Z,2026-09-01T12:00:00,timestamp,False,,1.0,1.0,1.0,True,0.0
iplic_015,C,Q3,Q3,datetime,2026-09-01T12:18:00,2026-09-01T12:18:00Z,2026-09-01T12:18:00,timestamp,False,,1.0,1.0,1.0,True,0.0
iplic_015,A,Q4,Q4,boolean,false,false,False,False,True,True,1.0,1.0,1.0,True,0.0
iplic_015,B,Q4,Q4,boolean,true,true,True,True,True,True,1.0,1.0,1.0,True,0.0
iplic_015,C,Q4,Q4,boolean,false,false,False,False,True,True,1.0,1.0,1.0,True,0.0
iplic_015,A,Q5,Q5,categorical,single_region,single_region,single_region,single_region,True,True,1.0,1.0,1.0,True,0.0
iplic_015,B,Q5,Q5,categorical,two_regions,two_regions,two_regions,two_regions,True,True,1.0,1.0,1.0,True,0.0
iplic_015,C,Q5,Q5,categorical,single_region,single_region,single_region,single_region,True,True,1.0,1.0,1.0,True,0.0
iplic_015,A,Q6,Q6,integer,1,1,1,The core record states that the license covers only one region.,True,,1.0,1.0,1.0,True,0.0
iplic_015,B,Q6,Q6,integer,2,2,2,amount,True,,1.0,1.0,1.0,True,0.0
iplic_015,C,Q6,Q6,integer,1,1,1,amount,True,,1.0,1.0,1.0,True,0.0
iplic_015,A,Q7,Q7,date,2026-09-01,2026-09-01,2026-09-01,The renewal date recorded in the core record is 2026-09-01.,True,,1.0,1.0,1.0,True,0.0
iplic_015,B,Q7,Q7,date,2026-09-30,2026-09-30,2026-09-30,deadline_date,True,,1.0,1.0,1.0,True,0.0
iplic_015,C,Q7,Q7,date,2026-09-01,2026-09-01,2026-09-01,deadline_date,True,,1.0,1.0,1.0,True,0.0
iplic_015,A,Q8,Q8,code_set,renewal_gate|territory_scope,renewal_gate|territory_scope,territory_scope|renewal_gate,The control codes that apply to the license scope are territory_scope and renewal_gate.,True,,0.0,0.0,0.0,True,1.0
iplic_015,B,Q8,Q8,code_set,renewal_gate|territory_scope,renewal_gate|territory_scope,territory_scope|renewal_gate,code_set,True,,0.0,0.0,0.0,True,1.0
iplic_015,C,Q8,Q8,code_set,renewal_gate|territory_scope,renewal_gate|territory_scope,territory_scope|renewal_gate,code_set,True,,0.0,0.0,0.0,True,1.0
iplic_015,A,Q9,Q9,identifier,LIC-1501,LIC-1501,LIC-1501,The identifier shown in the core record is LIC-1501.,True,,1.0,1.0,1.0,True,0.0
iplic_015,B,Q9,Q9,identifier,LIC-1501,LIC-1501,LIC-1501,identifier,True,,1.0,1.0,1.0,True,0.0
iplic_015,C,Q9,Q9,identifier,LIC-1501,LIC-1501,LIC-1501,identifier,True,,1.0,1.0,1.0,True,0.0
iplic_015,A,Q10,Q10,boolean,true,true,True,True,True,True,1.0,1.0,1.0,True,0.0
iplic_015,B,Q10,Q10,boolean,true,true,True,True,True,True,1.0,1.0,1.0,True,0.0
iplic_015,C,Q10,Q10,boolean,true,true,True,True,True,True,1.0,1.0,1.0,True,0.0
iplic_015,A,Q11,Q11,boolean,false,false,False,False,True,True,1.0,1.0,1.0,True,0.0
iplic_015,B,Q11,Q11,boolean,false,false,False,False,True,True,1.0,1.0,1.0,True,0.0
iplic_015,C,Q11,Q11,boolean,false,false,False,False,True,True,1.0,1.0,1.0,True,0.0
iplic_015,A,Q12,Q12,categorical,license_agreement,license_agreement,license_agreement,license_agreement,True,True,1.0,1.0,1.0,True,0.0
iplic_015,B,Q12,Q12,categorical,license_agreement,license_agreement,license_agreement,license_agreement,True,True,1.0,1.0,1.0,True,0.0
iplic_015,C,Q12,Q12,categorical,license_agreement,license_agreement,license_agreement,license_agreement,True,True,1.0,1.0,1.0,True,0.0
iplic_015,A,Q13,Q13,boolean,false,false,False,False,True,True,1.0,1.0,1.0,True,0.0
iplic_015,B,Q13,Q13,boolean,false,false,False,False,True,True,1.0,1.0,1.0,True,0.0
iplic_015,C,Q13,Q13,boolean,true,false,True,False,False,False,1.0,1.0,1.0,True,0.0
iplic_015,A,Q14,Q14,categorical,single_region,single_region,single_region,single_region,True,True,1.0,1.0,1.0,True,0.0
iplic_015,B,Q14,Q14,categorical,two_regions,two_regions,two_regions,two_regions,True,True,1.0,1.0,1.0,True,0.0
iplic_015,C,Q14,Q14,categorical,single_region,single_region,single_region,single_region,True,True,1.0,1.0,1.0,True,0.0
privacy_018,A,Q1,Q1,categorical,incident_response_policy,incident_response_policy,incident_response_policy,insufficient_information,True,,1.0,1.0,1.0,True,0.0
privacy_018,B,Q1,Q1,categorical,incident_response_policy,incident_response_policy,incident_response_policy,insufficient_information,True,,1.0,1.0,1.0,True,0.0
privacy_018,C,Q1,Q1,categorical,incident_response_policy,incident_response_policy,incident_response_policy,insufficient_information,True,,1.0,1.0,1.0,True,0.0
privacy_018,A,Q2,Q2,identifier,INC-1801,INC-1801,INC-1801,insufficient_information,True,,1.0,1.0,1.0,True,0.0
privacy_018,B,Q2,Q2,identifier,INC-1801,INC-1801,INC-1801,insufficient_information,True,,1.0,1.0,1.0,True,0.0
privacy_018,C,Q2,Q2,identifier,INC-3301,INC-3301,INC-3301,insufficient_information,True,,1.0,1.0,1.0,True,0.0
privacy_018,A,Q3,Q3,datetime,2026-09-12T09:40:00,2026-09-12T09:40:00Z,2026-09-12T09:40:00,insufficient_information,False,,1.0,1.0,1.0,True,0.0
privacy_018,B,Q3,Q3,datetime,2026-09-12T09:40:00,2026-09-12T09:40:00Z,2026-09-12T09:40:00,insufficient_information,False,,1.0,1.0,1.0,True,0.0
privacy_018,C,Q3,Q3,datetime,2026-09-12T09:55:00,2026-09-12T09:55:00Z,2026-09-12T09:55:00,insufficient_information,False,,1.0,1.0,1.0,True,0.0
privacy_018,A,Q4,Q4,boolean,false,false,False,False,True,True,0.5,1.0,0.6666666666666666,True,0.5
privacy_018,B,Q4,Q4,boolean,true,true,True,True,True,True,0.5,1.0,0.6666666666666666,True,0.5
privacy_018,C,Q4,Q4,boolean,false,false,False,False,True,True,0.5,1.0,0.6666666666666666,True,0.5
privacy_018,A,Q5,Q5,categorical,not_timely,not_timely,not_timely,not_timely,True,True,1.0,1.0,1.0,True,0.0
privacy_018,B,Q5,Q5,categorical,timely,timely,timely,timely,True,True,1.0,1.0,1.0,True,0.0
privacy_018,C,Q5,Q5,categorical,not_timely,not_timely,not_timely,not_timely,True,True,1.0,1.0,1.0,True,0.0
privacy_018,A,Q6,Q6,integer,72,20,72,insufficient_information,False,,1.0,1.0,1.0,True,0.0
privacy_018,B,Q6,Q6,integer,48,340,48,insufficient_information,False,,1.0,1.0,1.0,True,0.0
privacy_018,C,Q6,Q6,integer,72,5,72,insufficient_information,False,,1.0,1.0,1.0,True,0.0
privacy_018,A,Q7,Q7,datetime,2026-09-12T10:00:00,2026-09-12T10:00:00Z,2026-09-12T10:00:00,insufficient_information,False,,1.0,1.0,1.0,True,0.0
privacy_018,B,Q7,Q7,datetime,2026-09-12T06:00:00,2026-09-12T06:00:00Z,2026-09-12T06:00:00,insufficient_information,False,,1.0,1.0,1.0,True,0.0
privacy_018,C,Q7,Q7,datetime,2026-09-12T10:00:00,2026-09-12T10:00:00Z,2026-09-12T10:00:00,insufficient_information,False,,1.0,1.0,1.0,True,0.0
privacy_018,A,Q8,Q8,code_set,deadline_clock|regulator_notice,deadline_clock|regulator_notice,deadline_clock|regulator_notice,insufficient_information,True,,0.0,0.0,0.0,True,1.0
privacy_018,B,Q8,Q8,code_set,deadline_clock|regulator_notice,deadline_clock|regulator_notice,deadline_clock|regulator_notice,insufficient_information,True,,0.0,0.0,0.0,True,1.0
privacy_018,C,Q8,Q8,code_set,deadline_clock|regulator_notice,deadline_clock|regulator_notice,deadline_clock|regulator_notice,insufficient_information,True,,0.0,0.0,0.0,True,1.0
privacy_018,A,Q9,Q9,identifier,INC-1801,INC-1801,INC-1801,insufficient_information,True,,1.0,1.0,1.0,True,0.0
privacy_018,B,Q9,Q9,identifier,INC-1801,INC-1801,INC-1801,insufficient_information,True,,1.0,1.0,1.0,True,0.0
privacy_018,C,Q9,Q9,identifier,INC-1801,INC-1801,INC-1801,insufficient_information,True,,1.0,1.0,1.0,True,0.0
privacy_018,A,Q10,Q10,boolean,true,true,True,True,True,True,1.0,1.0,1.0,True,0.0
privacy_018,B,Q10,Q10,boolean,true,true,True,True,True,True,1.0,1.0,1.0,True,0.0
privacy_018,C,Q10,Q10,boolean,true,true,True,True,True,True,1.0,1.0,1.0,True,0.0
privacy_018,A,Q11,Q11,boolean,false,false,False,False,True,True,1.0,1.0,1.0,True,0.0
privacy_018,B,Q11,Q11,boolean,false,false,False,False,True,True,1.0,1.0,1.0,True,0.0
privacy_018,C,Q11,Q11,boolean,false,false,False,False,True,True,1.0,1.0,1.0,True,0.0
privacy_018,A,Q12,Q12,categorical,incident_response_policy,incident_response_policy,incident_response_policy,incident_response_policy,True,True,1.0,1.0,1.0,True,0.0
privacy_018,B,Q12,Q12,categorical,incident_response_policy,incident_response_policy,incident_response_policy,incident_response_policy,True,True,1.0,1.0,1.0,True,0.0
privacy_018,C,Q12,Q12,categorical,incident_response_policy,incident_response_policy,incident_response_policy,incident_response_policy,True,True,1.0,1.0,1.0,True,0.0
privacy_018,A,Q13,Q13,boolean,false,false,False,False,True,True,1.0,1.0,1.0,True,0.0
privacy_018,B,Q13,Q13,boolean,false,false,False,False,True,True,1.0,1.0,1.0,True,0.0
privacy_018,C,Q13,Q13,boolean,true,false,True,False,False,False,1.0,1.0,1.0,True,0.0
privacy_018,A,Q14,Q14,categorical,not_timely,not_timely,not_timely,not_timely,True,True,1.0,1.0,1.0,True,0.0
privacy_018,B,Q14,Q14,categorical,timely,timely,timely,timely,True,True,1.0,1.0,1.0,True,0.0
privacy_018,C,Q14,Q14,categorical,not_timely,not_timely,not_timely,not_timely,True,True,1.0,1.0,1.0,True,0.0
hr_020,A,Q1,Q1,categorical,delegation_policy,delegation_policy,delegation_policy,The Delegated authority gap case is governed by the delegation_policy.,True,,1.0,1.0,1.0,True,0.0
hr_020,B,Q1,Q1,categorical,delegation_policy,delegation_policy,delegation_policy,controlled_by_delegation_policy,True,,1.0,1.0,1.0,True,0.0
hr_020,C,Q1,Q1,categorical,delegation_policy,delegation_policy,delegation_policy,The Delegated authority gap case is governed by the delegation_policy.,True,,1.0,1.0,1.0,True,0.0
hr_020,A,Q2,Q2,identifier,DEL-2001,DEL-2001,DEL-2001,The reference number is DEL-2001.,True,,1.0,1.0,1.0,True,0.0
hr_020,B,Q2,Q2,identifier,DEL-2001,DEL-2001,DEL-2001,reference_number_in_nuisance_memo,True,,1.0,1.0,1.0,True,0.0
hr_020,C,Q2,Q2,identifier,DEL-3301,DEL-3301,DEL-3301,reference_number DEL-3301,True,,1.0,1.0,1.0,True,0.0
hr_020,A,Q3,Q3,datetime,2026-10-01T13:00:00,2026-10-01T13:00:00Z,2026-10-01T13:00:00,The timestamp is 2026-10-01T13:00:00.,False,,1.0,1.0,1.0,True,0.0
hr_020,B,Q3,Q3,datetime,2026-10-01T13:00:00,2026-10-01T13:00:00Z,2026-10-01T13:00:00,timestamp_in_nuisance_memo,False,,1.0,1.0,1.0,True,0.0
hr_020,C,Q3,Q3,datetime,2026-10-01T13:25:00,2026-10-01T13:25:00Z,2026-10-01T13:25:00,timestamp 2026-10-01T13:25:00,False,,1.0,1.0,1.0,True,0.0
hr_020,A,Q4,Q4,boolean,false,false,False,False,True,True,1.0,1.0,1.0,True,0.0
hr_020,B,Q4,Q4,boolean,true,true,True,True,True,True,1.0,1.0,1.0,True,0.0
hr_020,C,Q4,Q4,boolean,false,false,False,False,True,True,1.0,1.0,1.0,True,0.0
hr_020,A,Q5,Q5,categorical,unauthorized,unauthorized,unauthorized,unauthorized,True,True,1.0,1.0,1.0,True,0.0
hr_020,B,Q5,Q5,categorical,authorized,authorized,authorized,authorized,True,True,1.0,1.0,1.0,True,0.0
hr_020,C,Q5,Q5,categorical,unauthorized,unauthorized,unauthorized,unauthorized,True,True,1.0,1.0,1.0,True,0.0
hr_020,A,Q6,Q6,categorical,maintenance_contracts,maintenance_contracts,maintenance_contracts,The contract class is maintenance_contracts.,True,,1.0,1.0,1.0,True,0.0
hr_020,B,Q6,Q6,categorical,purchase_contracts,purchase_contracts,purchase_contracts,contract_class_in_core_record,True,,1.0,1.0,1.0,True,0.0
hr_020,C,Q6,Q6,categorical,maintenance_contracts,maintenance_contracts,maintenance_contracts,maintenance_contracts,True,,1.0,1.0,1.0,True,0.0
hr_020,A,Q7,Q7,date,2026-10-01,2026-10-01,2026-10-01,The deadline date is 2026-10-01.,True,,1.0,1.0,1.0,True,0.0
hr_020,B,Q7,Q7,date,2026-10-15,2026-10-15,2026-10-15,deadline_date_in_core_record,True,,1.0,1.0,1.0,True,0.0
hr_020,C,Q7,Q7,date,2026-10-01,2026-10-01,2026-10-01,deadline_date 2026-10-01,True,,1.0,1.0,1.0,True,0.0
hr_020,A,Q8,Q8,code_set,authority_scope|delegated_signing,authority_scope|delegated_signing,authority_scope|delegated_signing,The control codes are authority_scope and delegated_signing.,True,,0.0,0.0,0.0,True,1.0
hr_020,B,Q8,Q8,code_set,authority_scope|delegated_signing,delegated_signing,authority_scope|delegated_signing,control_codes_in_core_record,False,,0.0,0.0,0.0,True,1.0
hr_020,C,Q8,Q8,code_set,authority_scope|delegated_signing,authority_scope|delegated_signing,authority_scope|delegated_signing,code_set authority_scope | delegated_signing,True,,0.0,0.0,0.0,True,1.0
hr_020,A,Q9,Q9,identifier,DEL-2001,DEL-2001,DEL-2001,The identifier is DEL-2001.,True,,1.0,1.0,1.0,True,0.0
hr_020,B,Q9,Q9,identifier,DEL-2001,DEL-2001,DEL-2001,identifier_in_core_record,True,,1.0,1.0,1.0,True,0.0
hr_020,C,Q9,Q9,identifier,DEL-2001,DEL-2001,DEL-2001,identifier DEL-2001,True,,1.0,1.0,1.0,True,0.0
hr_020,A,Q10,Q10,boolean,true,true,True,True,True,True,1.0,1.0,1.0,True,0.0
hr_020,B,Q10,Q10,boolean,true,true,True,True,True,True,1.0,1.0,1.0,True,0.0
hr_020,C,Q10,Q10,boolean,true,true,True,True,True,True,1.0,1.0,1.0,True,0.0
hr_020,A,Q11,Q11,boolean,false,false,False,False,True,True,1.0,1.0,1.0,True,0.0
hr_020,B,Q11,Q11,boolean,false,false,False,False,True,True,1.0,1.0,1.0,True,0.0
hr_020,C,Q11,Q11,boolean,false,false,False,False,True,True,1.0,1.0,1.0,True,0.0
hr_020,A,Q12,Q12,categorical,delegation_policy,delegation_policy,delegation_policy,delegation_policy,True,True,1.0,1.0,1.0,True,0.0
hr_020,B,Q12,Q12,categorical,delegation_policy,delegation_policy,delegation_policy,delegation_policy,True,True,1.0,1.0,1.0,True,0.0
hr_020,C,Q12,Q12,categorical,delegation_policy,delegation_policy,delegation_policy,delegation_policy,True,True,1.0,1.0,1.0,True,0.0
hr_020,A,Q13,Q13,boolean,false,false,False,False,True,True,1.0,1.0,1.0,True,0.0
hr_020,B,Q13,Q13,boolean,false,false,False,False,True,True,1.0,1.0,1.0,True,0.0
hr_020,C,Q13,Q13,boolean,true,false,True,False,False,False,1.0,1.0,1.0,True,0.0
hr_020,A,Q14,Q14,categorical,unauthorized,unauthorized,unauthorized,unauthorized,True,True,1.0,1.0,1.0,True,0.0
hr_020,B,Q14,Q14,categorical,authorized,authorized,authorized,authorized,True,True,1.0,1.0,1.0,True,0.0
hr_020,C,Q14,Q14,categorical,unauthorized,unauthorized,unauthorized,unauthorized,True,True,1.0,1.0,1.0,True,0.0
procure_021,A,Q1,Q1,categorical,sole_source_policy,sole_source_policy,sole_source_policy,,True,,1.0,1.0,1.0,True,0.0
procure_021,B,Q1,Q1,categorical,sole_source_policy,sole_source_policy,sole_source_policy,insufficient_information,True,,1.0,1.0,1.0,True,0.0
procure_021,C,Q1,Q1,categorical,sole_source_policy,sole_source_policy,sole_source_policy,,True,,1.0,1.0,1.0,True,0.0
procure_021,A,Q2,Q2,identifier,PROC-2101,PROC-2101,PROC-2101,,True,,1.0,1.0,1.0,True,0.0
procure_021,B,Q2,Q2,identifier,PROC-2101,PROC-2101,PROC-2101,insufficient_information,True,,1.0,1.0,1.0,True,0.0
procure_021,C,Q2,Q2,identifier,PROC-3301,PROC-3301,PROC-3301,,True,,1.0,1.0,1.0,True,0.0
procure_021,A,Q3,Q3,datetime,2026-11-01T14:00:00,2026-11-01T14:00:00Z,2026-11-01T14:00:00,,False,,1.0,1.0,1.0,True,0.0
procure_021,B,Q3,Q3,datetime,2026-11-01T14:00:00,2026-11-01T14:00:00Z,2026-11-01T14:00:00,insufficient_information,False,,1.0,1.0,1.0,True,0.0
procure_021,C,Q3,Q3,datetime,2026-11-01T14:10:00,2026-11-01T14:10:00Z,2026-11-01T14:10:00,,False,,1.0,1.0,1.0,True,0.0
procure_021,A,Q4,Q4,boolean,false,false,False,False,True,True,0.0,0.0,0.0,True,1.0
procure_021,B,Q4,Q4,boolean,true,false,True,False,False,False,0.5,1.0,0.6666666666666666,True,0.5
procure_021,C,Q4,Q4,boolean,false,false,False,False,True,True,0.0,0.0,0.0,True,1.0
procure_021,A,Q5,Q5,categorical,incomplete,blocked,incomplete,complete,False,False,1.0,1.0,1.0,True,0.0
procure_021,B,Q5,Q5,categorical,complete,approved,complete,complete,False,True,1.0,1.0,1.0,True,0.0
procure_021,C,Q5,Q5,categorical,incomplete,blocked,incomplete,complete,False,False,1.0,1.0,1.0,True,0.0
procure_021,A,Q6,Q6,integer,2,2,2,,True,,1.0,1.0,1.0,True,0.0
procure_021,B,Q6,Q6,integer,1,0,1,insufficient_information,False,,1.0,1.0,1.0,True,0.0
procure_021,C,Q6,Q6,integer,2,2,2,,True,,1.0,1.0,1.0,True,0.0
procure_021,A,Q7,Q7,date,2026-11-01,2026-11-01,2026-11-01,,True,,1.0,1.0,1.0,True,0.0
procure_021,B,Q7,Q7,date,2026-11-03,2026-11-03,2026-11-03,insufficient_information,True,,1.0,1.0,1.0,True,0.0
procure_021,C,Q7,Q7,date,2026-11-01,2026-11-01,2026-11-01,,True,,1.0,1.0,1.0,True,0.0
procure_021,A,Q8,Q8,code_set,comparator_check|sole_source,comparator_check|sole_source,sole_source|comparator_check,,True,,0.0,0.0,0.0,True,1.0
procure_021,B,Q8,Q8,code_set,comparator_check|sole_source,comparator_check|sole_source,sole_source|comparator_check,insufficient_information,True,,0.0,0.0,0.0,True,1.0
procure_021,C,Q8,Q8,code_set,comparator_check|sole_source,comparator_check|sole_source,sole_source|comparator_check,,True,,0.0,0.0,0.0,True,1.0
procure_021,A,Q9,Q9,identifier,PROC-2101,PROC-2101,PROC-2101,,True,,1.0,1.0,1.0,True,0.0
procure_021,B,Q9,Q9,identifier,PROC-2101,PROC-2101,PROC-2101,insufficient_information,True,,1.0,1.0,1.0,True,0.0
procure_021,C,Q9,Q9,identifier,PROC-2101,PROC-2101,PROC-2101,,True,,1.0,1.0,1.0,True,0.0
procure_021,A,Q10,Q10,boolean,false,false,False,False,True,True,1.0,1.0,1.0,True,0.0
procure_021,B,Q10,Q10,boolean,false,false,False,False,True,True,1.0,1.0,1.0,True,0.0
procure_021,C,Q10,Q10,boolean,false,false,False,False,True,True,1.0,1.0,1.0,True,0.0
procure_021,A,Q11,Q11,boolean,true,true,True,True,True,True,1.0,1.0,1.0,False,0.0
procure_021,B,Q11,Q11,boolean,true,true,True,True,True,True,1.0,1.0,1.0,False,0.0
procure_021,C,Q11,Q11,boolean,true,true,True,True,True,True,1.0,1.0,1.0,False,0.0
procure_021,A,Q12,Q12,categorical,sole_source_policy,sole_source_policy,sole_source_policy,sole_source_policy,True,True,1.0,1.0,1.0,True,0.0
procure_021,B,Q12,Q12,categorical,sole_source_policy,sole_source_policy,sole_source_policy,sole_source_policy,True,True,1.0,1.0,1.0,True,0.0
procure_021,C,Q12,Q12,categorical,sole_source_policy,sole_source_policy,sole_source_policy,sole_source_policy,True,True,1.0,1.0,1.0,True,0.0
procure_021,A,Q13,Q13,boolean,false,false,False,False,True,True,1.0,1.0,1.0,True,0.0
procure_021,B,Q13,Q13,boolean,false,false,False,False,True,True,1.0,1.0,1.0,True,0.0
procure_021,C,Q13,Q13,boolean,true,false,True,False,False,False,1.0,1.0,1.0,True,0.0
procure_021,A,Q14,Q14,categorical,blocked,blocked,blocked,blocked,True,True,1.0,1.0,1.0,True,0.0
procure_021,B,Q14,Q14,categorical,approved,approved,approved,approved,True,True,1.0,1.0,1.0,True,0.0
procure_021,C,Q14,Q14,categorical,blocked,blocked,blocked,blocked,True,True,1.0,1.0,1.0,True,0.0
it_023,A,Q1,Q1,categorical,sla_policy,sla_policy,sla_policy,insufficient_information,True,,1.0,1.0,1.0,True,0.0
it_023,B,Q1,Q1,categorical,sla_policy,sla_policy,sla_policy,controlled_by_sla_policy,True,,1.0,1.0,1.0,True,0.0
it_023,C,Q1,Q1,categorical,sla_policy,sla_policy,sla_policy,insufficient_information,True,,1.0,1.0,1.0,True,0.0
it_023,A,Q2,Q2,identifier,SLA-2301,SLA-2301,SLA-2301,insufficient_information,True,,1.0,1.0,1.0,True,0.0
it_023,B,Q2,Q2,identifier,SLA-2301,SLA-2301,SLA-2301,reference_number_in_nuisance_memo,True,,1.0,1.0,1.0,True,0.0
it_023,C,Q2,Q2,identifier,SLA-3301,SLA-3301,SLA-3301,insufficient_information,True,,1.0,1.0,1.0,True,0.0
it_023,A,Q3,Q3,datetime,2026-11-10T15:00:00,2026-11-10T15:00:00Z,2026-11-10T15:00:00,insufficient_information,False,,1.0,1.0,1.0,True,0.0
it_023,B,Q3,Q3,datetime,2026-11-10T15:00:00,2026-11-10T15:00:00Z,2026-11-10T15:00:00,timestamp_in_nuisance_memo,False,,1.0,1.0,1.0,True,0.0
it_023,C,Q3,Q3,datetime,2026-11-10T15:20:00,2026-11-10T15:20:00Z,2026-11-10T15:20:00,insufficient_information,False,,1.0,1.0,1.0,True,0.0
it_023,A,Q4,Q4,boolean,false,false,False,False,True,True,0.0,0.0,0.0,True,1.0
it_023,B,Q4,Q4,boolean,true,true,True,True,True,True,0.0,0.0,0.0,True,1.0
it_023,C,Q4,Q4,boolean,false,false,False,False,True,True,0.0,0.0,0.0,True,1.0
it_023,A,Q5,Q5,categorical,not_waived,not_waived,not_waived,not_waived,True,True,1.0,1.0,1.0,True,0.0
it_023,B,Q5,Q5,categorical,waived,waived,waived,waived,True,True,1.0,1.0,1.0,True,0.0
it_023,C,Q5,Q5,categorical,not_waived,not_waived,not_waived,not_waived,True,True,1.0,1.0,1.0,True,0.0
it_023,A,Q6,Q6,money,50000,50000,50000,insufficient_information,True,,1.0,1.0,1.0,True,0.0
it_023,B,Q6,Q6,money,0,0,0,service_credit_amount,True,,1.0,1.0,1.0,True,0.0
it_023,C,Q6,Q6,money,50000,50000,50000,insufficient_information,True,,1.0,1.0,1.0,True,0.0
it_023,A,Q7,Q7,datetime,2026-11-10T16:00:00,2026-11-10T16:00:00Z,2026-11-10T16:00:00,insufficient_information,False,,1.0,1.0,1.0,True,0.0
it_023,B,Q7,Q7,datetime,2026-11-10T18:00:00,2026-11-10T18:00:00Z,2026-11-10T18:00:00,report_timestamp_in_core_record,False,,1.0,1.0,1.0,True,0.0
it_023,C,Q7,Q7,datetime,2026-11-10T16:00:00,2026-11-10T16:00:00Z,2026-11-10T16:00:00,insufficient_information,False,,1.0,1.0,1.0,True,0.0
it_023,A,Q8,Q8,code_set,service_credit|waiver_clause,service_credit|waiver_clause,waiver_clause|service_credit,insufficient_information,True,,0.0,0.0,0.0,True,1.0
it_023,B,Q8,Q8,code_set,service_credit|waiver_clause,service_credit|waiver_clause,waiver_clause|service_credit,control_codes_in_sla_file,True,,0.0,0.0,0.0,True,1.0
it_023,C,Q8,Q8,code_set,service_credit|waiver_clause,service_credit|waiver_clause,waiver_clause|service_credit,insufficient_information,True,,0.0,0.0,0.0,True,1.0
it_023,A,Q9,Q9,identifier,SLA-2301,SLA-2301,SLA-2301,insufficient_information,True,,1.0,1.0,1.0,True,0.0
it_023,B,Q9,Q9,identifier,SLA-2301,SLA-2301,SLA-2301,identifier_in_core_record,True,,1.0,1.0,1.0,True,0.0
it_023,C,Q9,Q9,identifier,SLA-2301,SLA-2301,SLA-2301,insufficient_information,True,,1.0,1.0,1.0,True,0.0
it_023,A,Q10,Q10,boolean,true,true,True,True,True,True,1.0,1.0,1.0,True,0.0
it_023,B,Q10,Q10,boolean,true,true,True,True,True,True,1.0,1.0,1.0,True,0.0
it_023,C,Q10,Q10,boolean,true,true,True,True,True,True,1.0,1.0,1.0,True,0.0
it_023,A,Q11,Q11,boolean,false,false,False,False,True,True,1.0,1.0,1.0,True,0.0
it_023,B,Q11,Q11,boolean,false,false,False,False,True,True,1.0,1.0,1.0,True,0.0
it_023,C,Q11,Q11,boolean,false,false,False,False,True,True,1.0,1.0,1.0,True,0.0
it_023,A,Q12,Q12,categorical,sla_policy,sla_policy,sla_policy,sla_policy,True,True,1.0,1.0,1.0,True,0.0
it_023,B,Q12,Q12,categorical,sla_policy,sla_policy,sla_policy,sla_policy,True,True,1.0,1.0,1.0,True,0.0
it_023,C,Q12,Q12,categorical,sla_policy,sla_policy,sla_policy,sla_policy,True,True,1.0,1.0,1.0,True,0.0
it_023,A,Q13,Q13,boolean,false,false,False,False,True,True,1.0,1.0,1.0,True,0.0
it_023,B,Q13,Q13,boolean,false,false,False,False,True,True,0.0,0.0,0.0,True,0.0
it_023,C,Q13,Q13,boolean,true,false,True,False,False,False,1.0,1.0,1.0,True,0.0
it_023,A,Q14,Q14,categorical,not_waived,not_waived,not_waived,not_waived,True,True,1.0,1.0,1.0,True,0.0
it_023,B,Q14,Q14,categorical,waived,waived,waived,waived,True,True,1.0,1.0,1.0,True,0.0
it_023,C,Q14,Q14,categorical,not_waived,not_waived,not_waived,not_waived,True,True,1.0,1.0,1.0,True,0.0
it_024,A,Q1,Q1,categorical,escalation_matrix,escalation_matrix,escalation_matrix,The escalation_matrix is the authoritative source for this package.,True,,1.0,1.0,1.0,True,0.0
it_024,B,Q1,Q1,categorical,escalation_matrix,escalation_matrix,escalation_matrix,controlled_by_escalation_matrix,True,,1.0,1.0,1.0,True,0.0
it_024,C,Q1,Q1,categorical,escalation_matrix,escalation_matrix,escalation_matrix,insufficient_information,True,,1.0,1.0,1.0,True,0.0
it_024,A,Q2,Q2,identifier,TKT-2401,TKT-2401,TKT-2401,reference_number TKT-2401,True,,1.0,1.0,1.0,True,0.0
it_024,B,Q2,Q2,identifier,TKT-2401,TKT-2401,TKT-2401,reference_number_in_nuisance_memo,True,,1.0,1.0,1.0,True,0.0
it_024,C,Q2,Q2,identifier,TKT-3301,TKT-3301,TKT-3301,insufficient_information,True,,1.0,1.0,1.0,True,0.0
it_024,A,Q3,Q3,datetime,2026-12-01T08:30:00,2026-12-01T08:30:00Z,2026-12-01T08:30:00,timestamp 2026-12-01T08:30:00,False,,1.0,1.0,1.0,True,0.0
it_024,B,Q3,Q3,datetime,2026-12-01T08:30:00,2026-12-01T08:30:00Z,2026-12-01T08:30:00,timestamp_in_nuisance_memo,False,,1.0,1.0,1.0,True,0.0
it_024,C,Q3,Q3,datetime,2026-12-01T08:44:00,2026-12-01T08:44:00Z,2026-12-01T08:44:00,insufficient_information,False,,1.0,1.0,1.0,True,0.0
it_024,A,Q4,Q4,boolean,false,false,False,False,True,True,1.0,1.0,1.0,True,0.0
it_024,B,Q4,Q4,boolean,true,true,True,True,True,True,1.0,1.0,1.0,True,0.0
it_024,C,Q4,Q4,boolean,false,false,False,True,True,False,1.0,1.0,1.0,True,0.0
it_024,A,Q5,Q5,categorical,non_compliant,non_compliant,non_compliant,non_compliant,True,True,1.0,1.0,1.0,True,0.0
it_024,B,Q5,Q5,categorical,compliant,compliant,compliant,compliant,True,True,1.0,1.0,1.0,True,0.0
it_024,C,Q5,Q5,categorical,non_compliant,non_compliant,non_compliant,non_compliant,True,True,1.0,1.0,1.0,True,0.0
it_024,A,Q6,Q6,integer,2,2,2,tier_check,True,,1.0,1.0,1.0,True,0.0
it_024,B,Q6,Q6,integer,3,3,3,escalation_tier,True,,1.0,1.0,1.0,True,0.0
it_024,C,Q6,Q6,integer,2,2,2,insufficient_information,True,,1.0,1.0,1.0,True,0.0
it_024,A,Q7,Q7,date,2026-12-01,2026-12-01,2026-12-01,deadline_date 2026-12-01,True,,1.0,1.0,1.0,True,0.0
it_024,B,Q7,Q7,date,2026-12-02,2026-12-02,2026-12-02,ticket_date,True,,1.0,1.0,1.0,True,0.0
it_024,C,Q7,Q7,date,2026-12-01,2026-12-01,2026-12-01,insufficient_information,True,,1.0,1.0,1.0,True,0.0
it_024,A,Q8,Q8,code_set,sla_clock|tier_check,sla_clock|tier_check,tier_check|sla_clock,code_set tier_check | sla_clock,True,,0.0,0.0,0.0,True,1.0
it_024,B,Q8,Q8,code_set,sla_clock|tier_check,sla_clock|tier_check,tier_check|sla_clock,control_codes,True,,0.0,0.0,0.0,True,1.0
it_024,C,Q8,Q8,code_set,sla_clock|tier_check,sla_clock|tier_check,tier_check|sla_clock,insufficient_information,True,,0.0,0.0,0.0,True,1.0
it_024,A,Q9,Q9,identifier,TKT-2401,TKT-2401,TKT-2401,identifier TKT-2401,True,,1.0,1.0,1.0,True,0.0
it_024,B,Q9,Q9,identifier,TKT-2401,TKT-2401,TKT-2401,identifier_in_core_record,True,,1.0,1.0,1.0,True,0.0
it_024,C,Q9,Q9,identifier,TKT-2401,TKT-2401,TKT-2401,insufficient_information,True,,1.0,1.0,1.0,True,0.0
it_024,A,Q10,Q10,boolean,true,true,True,True,True,True,1.0,1.0,1.0,True,0.0
it_024,B,Q10,Q10,boolean,true,true,True,True,True,True,1.0,1.0,1.0,True,0.0
it_024,C,Q10,Q10,boolean,true,true,True,True,True,True,1.0,1.0,1.0,True,0.0
it_024,A,Q11,Q11,boolean,false,false,False,False,True,True,1.0,1.0,1.0,True,0.0
it_024,B,Q11,Q11,boolean,false,false,False,False,True,True,1.0,1.0,1.0,True,0.0
it_024,C,Q11,Q11,boolean,false,false,False,False,True,True,1.0,1.0,1.0,True,0.0
it_024,A,Q12,Q12,categorical,escalation_matrix,escalation_matrix,escalation_matrix,escalation_matrix,True,True,1.0,1.0,1.0,True,0.0
it_024,B,Q12,Q12,categorical,escalation_matrix,escalation_matrix,escalation_matrix,escalation_matrix,True,True,1.0,1.0,1.0,True,0.0
it_024,C,Q12,Q12,categorical,escalation_matrix,escalation_matrix,escalation_matrix,escalation_matrix,True,True,1.0,1.0,1.0,True,0.0
it_024,A,Q13,Q13,boolean,false,false,False,False,True,True,1.0,1.0,1.0,True,0.0
it_024,B,Q13,Q13,boolean,false,false,False,False,True,True,1.0,1.0,1.0,True,0.0
it_024,C,Q13,Q13,boolean,true,false,True,False,False,False,1.0,1.0,1.0,True,0.0
it_024,A,Q14,Q14,categorical,non_compliant,non_compliant,non_compliant,non_compliant,True,True,1.0,1.0,1.0,True,0.0
it_024,B,Q14,Q14,categorical,compliant,compliant,compliant,compliant,True,True,1.0,1.0,1.0,True,0.0
it_024,C,Q14,Q14,categorical,non_compliant,non_compliant,non_compliant,non_compliant,True,True,1.0,1.0,1.0,True,0.0
property_025,A,Q1,Q1,categorical,lease_notice_rule,lease_notice_rule,lease_notice_rule,insufficient_information,True,,1.0,1.0,1.0,True,0.0
property_025,B,Q1,Q1,categorical,lease_notice_rule,lease_notice_rule,lease_notice_rule,insufficient_information,True,,1.0,1.0,1.0,True,0.0
property_025,C,Q1,Q1,categorical,lease_notice_rule,lease_notice_rule,lease_notice_rule,insufficient_information,True,,1.0,1.0,1.0,True,0.0
property_025,A,Q2,Q2,identifier,LEASE-2501,LEASE-2501,LEASE-2501,insufficient_information,True,,1.0,1.0,1.0,True,0.0
property_025,B,Q2,Q2,identifier,LEASE-2501,LEASE-2501,LEASE-2501,insufficient_information,True,,1.0,1.0,1.0,True,0.0
property_025,C,Q2,Q2,identifier,LEASE-3301,LEASE-3301,LEASE-3301,insufficient_information,True,,1.0,1.0,1.0,True,0.0
property_025,A,Q3,Q3,datetime,2026-12-15T10:00:00,2026-12-15T10:00:00Z,2026-12-15T10:00:00,insufficient_information,False,,1.0,1.0,1.0,True,0.0
property_025,B,Q3,Q3,datetime,2026-12-15T10:00:00,2026-12-15T10:00:00Z,2026-12-15T10:00:00,insufficient_information,False,,1.0,1.0,1.0,True,0.0
property_025,C,Q3,Q3,datetime,2026-12-15T10:07:00,2026-12-15T10:07:00Z,2026-12-15T10:07:00,insufficient_information,False,,1.0,1.0,1.0,True,0.0
property_025,A,Q4,Q4,boolean,false,false,False,False,True,True,1.0,1.0,1.0,True,0.0
property_025,B,Q4,Q4,boolean,true,true,True,True,True,True,1.0,1.0,1.0,True,0.0
property_025,C,Q4,Q4,boolean,false,false,False,False,True,True,1.0,1.0,1.0,True,0.0
property_025,A,Q5,Q5,categorical,lapsed,lapsed,lapsed,lapsed,True,True,1.0,1.0,1.0,True,0.0
property_025,B,Q5,Q5,categorical,renewed,renewed,renewed,renewed,True,True,1.0,1.0,1.0,True,0.0
property_025,C,Q5,Q5,categorical,lapsed,lapsed,lapsed,lapsed,True,True,1.0,1.0,1.0,True,0.0
property_025,A,Q6,Q6,integer,30,30,30,insufficient_information,True,,1.0,1.0,1.0,True,0.0
property_025,B,Q6,Q6,integer,29,29,29,insufficient_information,True,,1.0,1.0,1.0,True,0.0
property_025,C,Q6,Q6,integer,30,30,30,insufficient_information,True,,1.0,1.0,1.0,True,0.0
property_025,A,Q7,Q7,date,2026-12-31,2026-12-31,2026-12-31,insufficient_information,True,,1.0,1.0,1.0,True,0.0
property_025,B,Q7,Q7,date,2027-01-01,2027-01-01,2027-01-01,insufficient_information,True,,1.0,1.0,1.0,True,0.0
property_025,C,Q7,Q7,date,2026-12-31,2026-12-31,2026-12-31,insufficient_information,True,,1.0,1.0,1.0,True,0.0
property_025,A,Q8,Q8,code_set,delivery_proof|option_window,delivery_proof|option_window,option_window|delivery_proof,insufficient_information,True,,0.0,0.0,0.0,True,1.0
property_025,B,Q8,Q8,code_set,delivery_proof|option_window,delivery_proof|option_window,option_window|delivery_proof,insufficient_information,True,,0.0,0.0,0.0,True,1.0
property_025,C,Q8,Q8,code_set,delivery_proof|option_window,delivery_proof|option_window,option_window|delivery_proof,insufficient_information,True,,0.0,0.0,0.0,True,1.0
property_025,A,Q9,Q9,identifier,LEASE-2501,LEASE-2501,LEASE-2501,insufficient_information,True,,1.0,1.0,1.0,True,0.0
property_025,B,Q9,Q9,identifier,LEASE-2501,LEASE-2501,LEASE-2501,insufficient_information,True,,1.0,1.0,1.0,True,0.0
property_025,C,Q9,Q9,identifier,LEASE-2501,LEASE-2501,LEASE-2501,insufficient_information,True,,1.0,1.0,1.0,True,0.0
property_025,A,Q10,Q10,boolean,true,true,True,True,True,True,1.0,1.0,1.0,True,0.0
property_025,B,Q10,Q10,boolean,true,true,True,True,True,True,1.0,1.0,1.0,True,0.0
property_025,C,Q10,Q10,boolean,true,true,True,True,True,True,1.0,1.0,1.0,True,0.0
property_025,A,Q11,Q11,boolean,false,false,False,False,True,True,1.0,1.0,1.0,True,0.0
property_025,B,Q11,Q11,boolean,false,false,False,False,True,True,1.0,1.0,1.0,True,0.0
property_025,C,Q11,Q11,boolean,false,false,False,False,True,True,1.0,1.0,1.0,True,0.0
property_025,A,Q12,Q12,categorical,lease_notice_rule,lease_notice_rule,lease_notice_rule,lease_notice_rule,True,True,1.0,1.0,1.0,True,0.0
property_025,B,Q12,Q12,categorical,lease_notice_rule,lease_notice_rule,lease_notice_rule,lease_notice_rule,True,True,1.0,1.0,1.0,True,0.0
property_025,C,Q12,Q12,categorical,lease_notice_rule,lease_notice_rule,lease_notice_rule,lease_notice_rule,True,True,1.0,1.0,1.0,True,0.0
property_025,A,Q13,Q13,boolean,false,false,False,False,True,True,1.0,1.0,1.0,True,0.0
property_025,B,Q13,Q13,boolean,false,false,False,False,True,True,1.0,1.0,1.0,True,0.0
property_025,C,Q13,Q13,boolean,true,false,True,False,False,False,1.0,1.0,1.0,True,0.0
property_025,A,Q14,Q14,categorical,lapsed,lapsed,lapsed,lapsed,True,True,1.0,1.0,1.0,True,0.0
property_025,B,Q14,Q14,categorical,renewed,renewed,renewed,renewed,True,True,1.0,1.0,1.0,True,0.0
property_025,C,Q14,Q14,categorical,lapsed,lapsed,lapsed,lapsed,True,True,1.0,1.0,1.0,True,0.0
property_026,A,Q1,Q1,categorical,lease_guarantee_clause,lease_guarantee_clause,lease_guarantee_clause,insufficient_information,True,,1.0,1.0,1.0,True,0.0
property_026,B,Q1,Q1,categorical,lease_guarantee_clause,lease_guarantee_clause,lease_guarantee_clause,insufficient_information,True,,1.0,1.0,1.0,True,0.0
property_026,C,Q1,Q1,categorical,lease_guarantee_clause,lease_guarantee_clause,lease_guarantee_clause,insufficient_information,True,,1.0,1.0,1.0,True,0.0
property_026,A,Q2,Q2,identifier,LEASE-2601,LEASE-2601,LEASE-2601,insufficient_information,True,,1.0,1.0,1.0,True,0.0
property_026,B,Q2,Q2,identifier,LEASE-2601,LEASE-2601,LEASE-2601,insufficient_information,True,,1.0,1.0,1.0,True,0.0
property_026,C,Q2,Q2,identifier,LEASE-3301,LEASE-3301,LEASE-3301,insufficient_information,True,,1.0,1.0,1.0,True,0.0
property_026,A,Q3,Q3,datetime,2026-10-15T09:00:00,2026-10-15T09:00:00Z,2026-10-15T09:00:00,insufficient_information,False,,1.0,1.0,1.0,True,0.0
property_026,B,Q3,Q3,datetime,2026-10-15T09:00:00,2026-10-15T09:00:00Z,2026-10-15T09:00:00,insufficient_information,False,,1.0,1.0,1.0,True,0.0
property_026,C,Q3,Q3,datetime,2026-10-15T09:13:00,2026-10-15T09:13:00Z,2026-10-15T09:13:00,insufficient_information,False,,1.0,1.0,1.0,True,0.0
property_026,A,Q4,Q4,boolean,false,false,False,False,True,True,0.0,0.0,0.0,True,1.0
property_026,B,Q4,Q4,boolean,true,true,True,True,True,True,0.0,0.0,0.0,True,1.0
property_026,C,Q4,Q4,boolean,false,false,False,False,True,True,0.0,0.0,0.0,True,1.0
property_026,A,Q5,Q5,categorical,not_allowed,not_allowed,not_allowed,not_allowed,True,True,1.0,1.0,1.0,True,0.0
property_026,B,Q5,Q5,categorical,allowed,allowed,allowed,allowed,True,True,1.0,1.0,1.0,True,0.0
property_026,C,Q5,Q5,categorical,not_allowed,not_allowed,not_allowed,not_allowed,True,True,1.0,1.0,1.0,True,0.0
property_026,A,Q6,Q6,money,20000,20000,20000,insufficient_information,True,,1.0,1.0,1.0,True,0.0
property_026,B,Q6,Q6,money,0,0,0,insufficient_information,True,,1.0,1.0,1.0,True,0.0
property_026,C,Q6,Q6,money,20000,20000,20000,insufficient_information,True,,1.0,1.0,1.0,True,0.0
property_026,A,Q7,Q7,date,2026-10-15,2026-10-15,2026-10-15,insufficient_information,True,,1.0,1.0,1.0,True,0.0
property_026,B,Q7,Q7,date,2026-10-16,2026-10-16,2026-10-16,insufficient_information,True,,1.0,1.0,1.0,True,0.0
property_026,C,Q7,Q7,date,2026-10-15,2026-10-15,2026-10-15,insufficient_information,True,,1.0,1.0,1.0,True,0.0
property_026,A,Q8,Q8,code_set,offset_gate|repair_act,offset_gate|repair_act,offset_gate|repair_act,insufficient_information,True,,0.0,0.0,0.0,True,1.0
property_026,B,Q8,Q8,code_set,offset_gate|repair_act,offset_gate|repair_act,offset_gate|repair_act,insufficient_information,True,,0.0,0.0,0.0,True,1.0
property_026,C,Q8,Q8,code_set,offset_gate|repair_act,offset_gate|repair_act,offset_gate|repair_act,insufficient_information,True,,0.0,0.0,0.0,True,1.0
property_026,A,Q9,Q9,identifier,LEASE-2601,LEASE-2601,LEASE-2601,insufficient_information,True,,1.0,1.0,1.0,True,0.0
property_026,B,Q9,Q9,identifier,LEASE-2601,LEASE-2601,LEASE-2601,insufficient_information,True,,1.0,1.0,1.0,True,0.0
property_026,C,Q9,Q9,identifier,LEASE-2601,LEASE-2601,LEASE-2601,insufficient_information,True,,1.0,1.0,1.0,True,0.0
property_026,A,Q10,Q10,boolean,true,true,True,True,True,True,1.0,1.0,1.0,True,0.0
property_026,B,Q10,Q10,boolean,true,true,True,True,True,True,1.0,1.0,1.0,True,0.0
property_026,C,Q10,Q10,boolean,true,true,True,True,True,True,1.0,1.0,1.0,True,0.0
property_026,A,Q11,Q11,boolean,false,false,False,False,True,True,1.0,1.0,1.0,True,0.0
property_026,B,Q11,Q11,boolean,false,false,False,False,True,True,1.0,1.0,1.0,True,0.0
property_026,C,Q11,Q11,boolean,false,false,False,False,True,True,1.0,1.0,1.0,True,0.0
property_026,A,Q12,Q12,categorical,lease_guarantee_clause,lease_guarantee_clause,lease_guarantee_clause,lease_guarantee_clause,True,True,1.0,1.0,1.0,True,0.0
property_026,B,Q12,Q12,categorical,lease_guarantee_clause,lease_guarantee_clause,lease_guarantee_clause,lease_guarantee_clause,True,True,1.0,1.0,1.0,True,0.0
property_026,C,Q12,Q12,categorical,lease_guarantee_clause,lease_guarantee_clause,lease_guarantee_clause,lease_guarantee_clause,True,True,1.0,1.0,1.0,True,0.0
property_026,A,Q13,Q13,boolean,false,false,False,False,True,True,1.0,1.0,1.0,True,0.0
property_026,B,Q13,Q13,boolean,false,false,False,False,True,True,1.0,1.0,1.0,True,0.0
property_026,C,Q13,Q13,boolean,true,false,True,False,False,False,1.0,1.0,1.0,True,0.0
property_026,A,Q14,Q14,categorical,not_allowed,not_allowed,not_allowed,not_allowed,True,True,1.0,1.0,1.0,True,0.0
property_026,B,Q14,Q14,categorical,allowed,allowed,allowed,allowed,True,True,1.0,1.0,1.0,True,0.0
property_026,C,Q14,Q14,categorical,not_allowed,not_allowed,not_allowed,not_allowed,True,True,1.0,1.0,1.0,True,0.0
shipping_027,A,Q1,Q1,categorical,freight_contract,freight_contract,freight_contract,insufficient_information,True,,1.0,1.0,1.0,True,0.0
shipping_027,B,Q1,Q1,categorical,freight_contract,freight_contract,freight_contract,insufficient_information,True,,1.0,1.0,1.0,True,0.0
shipping_027,C,Q1,Q1,categorical,freight_contract,freight_contract,freight_contract,insufficient_information,True,,1.0,1.0,1.0,True,0.0
shipping_027,A,Q2,Q2,identifier,FRT-2701,FRT-2701,FRT-2701,insufficient_information,True,,1.0,1.0,1.0,True,0.0
shipping_027,B,Q2,Q2,identifier,FRT-2701,FRT-2701,FRT-2701,insufficient_information,True,,1.0,1.0,1.0,True,0.0
shipping_027,C,Q2,Q2,identifier,FRT-3301,FRT-3301,FRT-3301,insufficient_information,True,,1.0,1.0,1.0,True,0.0
shipping_027,A,Q3,Q3,datetime,2026-08-10T17:00:00,2026-08-10T17:00:00Z,2026-08-10T17:00:00,insufficient_information,False,,1.0,1.0,1.0,True,0.0
shipping_027,B,Q3,Q3,datetime,2026-08-10T17:00:00,2026-08-10T17:00:00Z,2026-08-10T17:00:00,insufficient_information,False,,1.0,1.0,1.0,True,0.0
shipping_027,C,Q3,Q3,datetime,2026-08-10T17:12:00,2026-08-10T17:12:00Z,2026-08-10T17:12:00,insufficient_information,False,,1.0,1.0,1.0,True,0.0
shipping_027,A,Q4,Q4,boolean,false,true,False,True,False,False,1.0,1.0,1.0,True,0.0
shipping_027,B,Q4,Q4,boolean,true,false,True,False,False,False,1.0,1.0,1.0,True,0.0
shipping_027,C,Q4,Q4,boolean,false,true,False,True,False,False,1.0,1.0,1.0,True,0.0
shipping_027,A,Q5,Q5,categorical,shipper_liable,shipper_liable,shipper_liable,shipper_liable,True,True,1.0,1.0,1.0,True,0.0
shipping_027,B,Q5,Q5,categorical,carrier_liable,carrier_liable,carrier_liable,carrier_liable,True,True,1.0,1.0,1.0,True,0.0
shipping_027,C,Q5,Q5,categorical,shipper_liable,shipper_liable,shipper_liable,shipper_liable,True,True,1.0,1.0,1.0,True,0.0
shipping_027,A,Q6,Q6,categorical,loading,loading,loading,insufficient_information,True,,1.0,1.0,1.0,True,0.0
shipping_027,B,Q6,Q6,categorical,unloading,unloading,unloading,insufficient_information,True,,1.0,1.0,1.0,True,0.0
shipping_027,C,Q6,Q6,categorical,loading,loading,loading,insufficient_information,True,,1.0,1.0,1.0,True,0.0
shipping_027,A,Q7,Q7,date,2026-08-10,2026-08-10,2026-08-10,insufficient_information,True,,1.0,1.0,1.0,True,0.0
shipping_027,B,Q7,Q7,date,2026-08-11,2026-08-11,2026-08-11,insufficient_information,True,,1.0,1.0,1.0,True,0.0
shipping_027,C,Q7,Q7,date,2026-08-10,2026-08-10,2026-08-10,insufficient_information,True,,1.0,1.0,1.0,True,0.0
shipping_027,A,Q8,Q8,code_set,bill_of_lading|risk_transfer,bill_of_lading|risk_transfer,risk_transfer|bill_of_lading,insufficient_information,True,,0.0,0.0,0.0,True,1.0
shipping_027,B,Q8,Q8,code_set,bill_of_lading|risk_transfer,bill_of_lading|risk_transfer,risk_transfer|bill_of_lading,insufficient_information,True,,0.0,0.0,0.0,True,1.0
shipping_027,C,Q8,Q8,code_set,bill_of_lading|risk_transfer,bill_of_lading|risk_transfer,risk_transfer|bill_of_lading,insufficient_information,True,,0.0,0.0,0.0,True,1.0
shipping_027,A,Q9,Q9,identifier,FRT-2701,FRT-2701,FRT-2701,insufficient_information,True,,1.0,1.0,1.0,True,0.0
shipping_027,B,Q9,Q9,identifier,FRT-2701,FRT-2701,FRT-2701,insufficient_information,True,,1.0,1.0,1.0,True,0.0
shipping_027,C,Q9,Q9,identifier,FRT-2701,FRT-2701,FRT-2701,insufficient_information,True,,1.0,1.0,1.0,True,0.0
shipping_027,A,Q10,Q10,boolean,true,true,True,True,True,True,1.0,1.0,1.0,True,0.0
shipping_027,B,Q10,Q10,boolean,true,true,True,True,True,True,1.0,1.0,1.0,True,0.0
shipping_027,C,Q10,Q10,boolean,true,true,True,True,True,True,1.0,1.0,1.0,True,0.0
shipping_027,A,Q11,Q11,boolean,false,false,False,False,True,True,1.0,1.0,1.0,True,0.0
shipping_027,B,Q11,Q11,boolean,false,false,False,False,True,True,1.0,1.0,1.0,True,0.0
shipping_027,C,Q11,Q11,boolean,false,false,False,False,True,True,1.0,1.0,1.0,True,0.0
shipping_027,A,Q12,Q12,categorical,freight_contract,freight_contract,freight_contract,freight_contract,True,True,1.0,1.0,1.0,True,0.0
shipping_027,B,Q12,Q12,categorical,freight_contract,freight_contract,freight_contract,freight_contract,True,True,1.0,1.0,1.0,True,0.0
shipping_027,C,Q12,Q12,categorical,freight_contract,freight_contract,freight_contract,freight_contract,True,True,1.0,1.0,1.0,True,0.0
shipping_027,A,Q13,Q13,boolean,false,false,False,False,True,True,1.0,1.0,1.0,True,0.0
shipping_027,B,Q13,Q13,boolean,false,false,False,False,True,True,1.0,1.0,1.0,True,0.0
shipping_027,C,Q13,Q13,boolean,true,false,True,False,False,False,1.0,1.0,1.0,True,0.0
shipping_027,A,Q14,Q14,categorical,shipper_liable,shipper_liable,shipper_liable,shipper_liable,True,True,1.0,1.0,1.0,True,0.0
shipping_027,B,Q14,Q14,categorical,carrier_liable,carrier_liable,carrier_liable,carrier_liable,True,True,1.0,1.0,1.0,True,0.0
shipping_027,C,Q14,Q14,categorical,shipper_liable,shipper_liable,shipper_liable,shipper_liable,True,True,1.0,1.0,1.0,True,0.0
finance_028,A,Q1,Q1,categorical,reimbursement_policy,reimbursement_policy,reimbursement_policy,insufficient_information,True,,1.0,1.0,1.0,True,0.0
finance_028,B,Q1,Q1,categorical,reimbursement_policy,reimbursement_policy,reimbursement_policy,insufficient_information,True,,1.0,1.0,1.0,True,0.0
finance_028,C,Q1,Q1,categorical,reimbursement_policy,reimbursement_policy,reimbursement_policy,insufficient_information,True,,1.0,1.0,1.0,True,0.0
finance_028,A,Q2,Q2,identifier,ADV-2801,ADV-2801,ADV-2801,insufficient_information,True,,1.0,1.0,1.0,True,0.0
finance_028,B,Q2,Q2,identifier,ADV-2801,ADV-2801,ADV-2801,insufficient_information,True,,1.0,1.0,1.0,True,0.0
finance_028,C,Q2,Q2,identifier,ADV-3301,ADV-3301,ADV-3301,insufficient_information,True,,1.0,1.0,1.0,True,0.0
finance_028,A,Q3,Q3,datetime,2026-09-15T08:00:00,2026-09-15T08:00:00Z,2026-09-15T08:00:00,insufficient_information,False,,1.0,1.0,1.0,True,0.0
finance_028,B,Q3,Q3,datetime,2026-09-15T08:00:00,2026-09-15T08:00:00Z,2026-09-15T08:00:00,insufficient_information,False,,1.0,1.0,1.0,True,0.0
finance_028,C,Q3,Q3,datetime,2026-09-15T08:14:00,2026-09-15T08:14:00Z,2026-09-15T08:14:00,insufficient_information,False,,1.0,1.0,1.0,True,0.0
finance_028,A,Q4,Q4,boolean,false,false,False,False,True,True,1.0,1.0,1.0,True,0.0
finance_028,B,Q4,Q4,boolean,true,true,True,True,True,True,1.0,1.0,1.0,True,0.0
finance_028,C,Q4,Q4,boolean,false,false,False,False,True,True,1.0,1.0,1.0,True,0.0
finance_028,A,Q5,Q5,categorical,not_reimbursable,not_reimbursable,not_reimbursable,not_reimbursable,True,True,1.0,1.0,1.0,True,0.0
finance_028,B,Q5,Q5,categorical,reimbursable,reimbursable,reimbursable,reimbursable,True,True,1.0,1.0,1.0,True,0.0
finance_028,C,Q5,Q5,categorical,not_reimbursable,not_reimbursable,not_reimbursable,not_reimbursable,True,True,1.0,1.0,1.0,True,0.0
finance_028,A,Q6,Q6,money,850,850,850,insufficient_information,True,,1.0,1.0,1.0,True,0.0
finance_028,B,Q6,Q6,money,0,0,0,insufficient_information,True,,1.0,1.0,1.0,True,0.0
finance_028,C,Q6,Q6,money,850,850,850,insufficient_information,True,,1.0,1.0,1.0,True,0.0
finance_028,A,Q7,Q7,date,2026-09-15,2026-09-15,2026-09-15,insufficient_information,True,,1.0,1.0,1.0,True,0.0
finance_028,B,Q7,Q7,date,2026-09-18,2026-09-18,2026-09-18,insufficient_information,True,,1.0,1.0,1.0,True,0.0
finance_028,C,Q7,Q7,date,2026-09-15,2026-09-15,2026-09-15,insufficient_information,True,,1.0,1.0,1.0,True,0.0
finance_028,A,Q8,Q8,code_set,receipts|substantiation,receipts|substantiation,substantiation|receipts,insufficient_information,True,,0.0,0.0,0.0,True,1.0
finance_028,B,Q8,Q8,code_set,receipts|substantiation,receipts|substantiation,substantiation|receipts,insufficient_information,True,,0.0,0.0,0.0,True,1.0
finance_028,C,Q8,Q8,code_set,receipts|substantiation,receipts|substantiation,substantiation|receipts,insufficient_information,True,,0.0,0.0,0.0,True,1.0
finance_028,A,Q9,Q9,identifier,ADV-2801,ADV-2801,ADV-2801,insufficient_information,True,,1.0,1.0,1.0,True,0.0
finance_028,B,Q9,Q9,identifier,ADV-2801,ADV-2801,ADV-2801,insufficient_information,True,,1.0,1.0,1.0,True,0.0
finance_028,C,Q9,Q9,identifier,ADV-2801,ADV-2801,ADV-2801,insufficient_information,True,,1.0,1.0,1.0,True,0.0
finance_028,A,Q10,Q10,boolean,true,true,True,True,True,True,1.0,1.0,1.0,True,0.0
finance_028,B,Q10,Q10,boolean,true,true,True,True,True,True,1.0,1.0,1.0,True,0.0
finance_028,C,Q10,Q10,boolean,true,true,True,True,True,True,1.0,1.0,1.0,True,0.0
finance_028,A,Q11,Q11,boolean,false,false,False,False,True,True,1.0,1.0,1.0,True,0.0
finance_028,B,Q11,Q11,boolean,false,false,False,False,True,True,1.0,1.0,1.0,True,0.0
finance_028,C,Q11,Q11,boolean,false,false,False,False,True,True,1.0,1.0,1.0,True,0.0
finance_028,A,Q12,Q12,categorical,reimbursement_policy,reimbursement_policy,reimbursement_policy,reimbursement_policy,True,True,1.0,1.0,1.0,True,0.0
finance_028,B,Q12,Q12,categorical,reimbursement_policy,reimbursement_policy,reimbursement_policy,reimbursement_policy,True,True,1.0,1.0,1.0,True,0.0
finance_028,C,Q12,Q12,categorical,reimbursement_policy,reimbursement_policy,reimbursement_policy,reimbursement_policy,True,True,1.0,1.0,1.0,True,0.0
finance_028,A,Q13,Q13,boolean,false,false,False,False,True,True,1.0,1.0,1.0,True,0.0
finance_028,B,Q13,Q13,boolean,false,false,False,False,True,True,1.0,1.0,1.0,True,0.0
finance_028,C,Q13,Q13,boolean,true,false,True,False,False,False,1.0,1.0,1.0,True,0.0
finance_028,A,Q14,Q14,categorical,not_reimbursable,not_reimbursable,not_reimbursable,not_reimbursable,True,True,1.0,1.0,1.0,True,0.0
finance_028,B,Q14,Q14,categorical,reimbursable,reimbursable,reimbursable,reimbursable,True,True,1.0,1.0,1.0,True,0.0
finance_028,C,Q14,Q14,categorical,not_reimbursable,not_reimbursable,not_reimbursable,not_reimbursable,True,True,1.0,1.0,1.0,True,0.0
infosec_029,A,Q1,Q1,categorical,privileged_access_policy,privileged_access_policy,privileged_access_policy,,True,,1.0,1.0,1.0,True,0.0
infosec_029,B,Q1,Q1,categorical,privileged_access_policy,privileged_access_policy,privileged_access_policy,insufficient_information,True,,1.0,1.0,1.0,True,0.0
infosec_029,C,Q1,Q1,categorical,privileged_access_policy,privileged_access_policy,privileged_access_policy,,True,,1.0,1.0,1.0,True,0.0
infosec_029,A,Q2,Q2,identifier,ACC-2901,ACC-2901,ACC-2901,,True,,1.0,1.0,1.0,True,0.0
infosec_029,B,Q2,Q2,identifier,ACC-2901,ACC-2901,ACC-2901,insufficient_information,True,,1.0,1.0,1.0,True,0.0
infosec_029,C,Q2,Q2,identifier,ACC-3301,ACC-3301,ACC-3301,,True,,1.0,1.0,1.0,True,0.0
infosec_029,A,Q3,Q3,datetime,2026-11-20T15:00:00,2026-11-20T15:00:00Z,2026-11-20T15:00:00,,False,,1.0,1.0,1.0,True,0.0
infosec_029,B,Q3,Q3,datetime,2026-11-20T15:00:00,2026-11-20T15:00:00Z,2026-11-20T15:00:00,insufficient_information,False,,1.0,1.0,1.0,True,0.0
infosec_029,C,Q3,Q3,datetime,2026-11-20T15:25:00,2026-11-20T15:25:00Z,2026-11-20T15:25:00,,False,,1.0,1.0,1.0,True,0.0
infosec_029,A,Q4,Q4,boolean,false,false,False,False,True,True,1.0,1.0,1.0,True,0.0
infosec_029,B,Q4,Q4,boolean,true,true,True,True,True,True,1.0,1.0,1.0,True,0.0
infosec_029,C,Q4,Q4,boolean,false,false,False,False,True,True,1.0,1.0,1.0,True,0.0
infosec_029,A,Q5,Q5,categorical,expired,expired,expired,expired,True,True,1.0,1.0,1.0,True,0.0
infosec_029,B,Q5,Q5,categorical,valid,valid,valid,valid,True,True,1.0,1.0,1.0,True,0.0
infosec_029,C,Q5,Q5,categorical,expired,expired,expired,expired,True,True,1.0,1.0,1.0,True,0.0
infosec_029,A,Q6,Q6,datetime,2026-11-20T18:00:00,2026-11-20T16:00:00Z,2026-11-20T18:00:00,,False,,1.0,1.0,1.0,True,0.0
infosec_029,B,Q6,Q6,datetime,2026-11-20T17:00:00,2026-11-20T16:15:00Z,2026-11-20T17:00:00,insufficient_information,False,,1.0,1.0,1.0,True,0.0
infosec_029,C,Q6,Q6,datetime,2026-11-20T18:00:00,2026-11-20T16:00:00Z,2026-11-20T18:00:00,,False,,1.0,1.0,1.0,True,0.0
infosec_029,A,Q7,Q7,datetime,2026-11-20T16:00:00,2026-11-20T18:00:00Z,2026-11-20T16:00:00,,False,,1.0,1.0,1.0,True,0.0
infosec_029,B,Q7,Q7,datetime,2026-11-20T16:15:00,2026-11-20T17:00:00Z,2026-11-20T16:15:00,insufficient_information,False,,1.0,1.0,1.0,True,0.0
infosec_029,C,Q7,Q7,datetime,2026-11-20T16:00:00,2026-11-20T18:00:00Z,2026-11-20T16:00:00,,False,,1.0,1.0,1.0,True,0.0
infosec_029,A,Q8,Q8,code_set,emergency_access|post_review,emergency_access|post_review,emergency_access|post_review,,True,,0.0,0.0,0.0,True,1.0
infosec_029,B,Q8,Q8,code_set,emergency_access|post_review,emergency_access|post_review,emergency_access|post_review,insufficient_information,True,,0.0,0.0,0.0,True,1.0
infosec_029,C,Q8,Q8,code_set,emergency_access|post_review,emergency_access|post_review,emergency_access|post_review,,True,,0.0,0.0,0.0,True,1.0
infosec_029,A,Q9,Q9,identifier,ACC-2901,ACC-2901,ACC-2901,,True,,1.0,1.0,1.0,True,0.0
infosec_029,B,Q9,Q9,identifier,ACC-2901,ACC-2901,ACC-2901,insufficient_information,True,,1.0,1.0,1.0,True,0.0
infosec_029,C,Q9,Q9,identifier,ACC-2901,ACC-2901,ACC-2901,,True,,1.0,1.0,1.0,True,0.0
infosec_029,A,Q10,Q10,boolean,true,true,True,True,True,True,1.0,1.0,1.0,True,0.0
infosec_029,B,Q10,Q10,boolean,true,true,True,True,True,True,1.0,1.0,1.0,True,0.0
infosec_029,C,Q10,Q10,boolean,true,true,True,True,True,True,1.0,1.0,1.0,True,0.0
infosec_029,A,Q11,Q11,boolean,false,false,False,False,True,True,1.0,1.0,1.0,True,0.0
infosec_029,B,Q11,Q11,boolean,false,false,False,False,True,True,1.0,1.0,1.0,True,0.0
infosec_029,C,Q11,Q11,boolean,false,false,False,False,True,True,1.0,1.0,1.0,True,0.0
infosec_029,A,Q12,Q12,categorical,privileged_access_policy,privileged_access_policy,privileged_access_policy,privileged_access_policy,True,True,1.0,1.0,1.0,True,0.0
infosec_029,B,Q12,Q12,categorical,privileged_access_policy,privileged_access_policy,privileged_access_policy,privileged_access_policy,True,True,1.0,1.0,1.0,True,0.0
infosec_029,C,Q12,Q12,categorical,privileged_access_policy,privileged_access_policy,privileged_access_policy,privileged_access_policy,True,True,1.0,1.0,1.0,True,0.0
infosec_029,A,Q13,Q13,boolean,false,false,False,False,True,True,1.0,1.0,1.0,True,0.0
infosec_029,B,Q13,Q13,boolean,false,false,False,False,True,True,1.0,1.0,1.0,True,0.0
infosec_029,C,Q13,Q13,boolean,true,false,True,False,False,False,1.0,1.0,1.0,True,0.0
infosec_029,A,Q14,Q14,categorical,expired,expired,expired,expired,True,True,1.0,1.0,1.0,True,0.0
infosec_029,B,Q14,Q14,categorical,valid,valid,valid,valid,True,True,1.0,1.0,1.0,True,0.0
infosec_029,C,Q14,Q14,categorical,expired,expired,expired,expired,True,True,1.0,1.0,1.0,True,0.0
hr_030,A,Q1,Q1,categorical,exit_checklist_rule,exit_checklist_rule,exit_checklist_rule,The exit_checklist_rule is the authoritative source for this package.,True,,1.0,1.0,1.0,True,0.0
hr_030,B,Q1,Q1,categorical,exit_checklist_rule,exit_checklist_rule,exit_checklist_rule,controlling_rule,True,,1.0,1.0,1.0,True,0.0
hr_030,C,Q1,Q1,categorical,exit_checklist_rule,exit_checklist_rule,exit_checklist_rule,controlling_rule,True,,1.0,1.0,1.0,True,0.0
hr_030,A,Q2,Q2,identifier,HR-3001,HR-3001,HR-3001,The reference number is HR-3001.,True,,1.0,1.0,1.0,True,0.0
hr_030,B,Q2,Q2,identifier,HR-3001,HR-3001,HR-3001,reference_number,True,,1.0,1.0,1.0,True,0.0
hr_030,C,Q2,Q2,identifier,HR-3301,HR-3301,HR-3301,reference_number,True,,1.0,1.0,1.0,True,0.0
hr_030,A,Q3,Q3,datetime,2026-10-20T09:30:00,2026-10-20T09:30:00Z,2026-10-20T09:30:00,The timestamp is 2026-10-20T09:30:00.,False,,1.0,1.0,1.0,True,0.0
hr_030,B,Q3,Q3,datetime,2026-10-20T09:30:00,2026-10-20T09:30:00Z,2026-10-20T09:30:00,timestamp,False,,1.0,1.0,1.0,True,0.0
hr_030,C,Q3,Q3,datetime,2026-10-20T09:47:00,2026-10-20T09:47:00Z,2026-10-20T09:47:00,timestamp,False,,1.0,1.0,1.0,True,0.0
hr_030,A,Q4,Q4,boolean,false,false,False,False,True,True,0.0,0.0,0.0,True,0.0
hr_030,B,Q4,Q4,boolean,true,false,True,False,False,False,0.0,0.0,0.0,True,0.0
hr_030,C,Q4,Q4,boolean,false,false,False,False,True,True,0.0,0.0,0.0,True,0.0
hr_030,A,Q5,Q5,categorical,open,open,open,open,True,True,1.0,1.0,1.0,True,0.0
hr_030,B,Q5,Q5,categorical,closed,closed,closed,closed,True,True,1.0,1.0,1.0,True,0.0
hr_030,C,Q5,Q5,categorical,open,open,open,open,True,True,1.0,1.0,1.0,True,0.0
hr_030,A,Q6,Q6,integer,3,1,3,One required return item is missing.,False,,1.0,1.0,1.0,True,0.0
hr_030,B,Q6,Q6,integer,2,2,2,All required return items are present,True,,1.0,1.0,1.0,True,0.0
hr_030,C,Q6,Q6,integer,3,1,3,One required return item is missing,False,,1.0,1.0,1.0,True,0.0
hr_030,A,Q7,Q7,date,2026-10-20,2026-10-20,2026-10-20,The deadline date is 2026-10-20.,True,,1.0,1.0,1.0,True,0.0
hr_030,B,Q7,Q7,date,2026-10-21,2026-10-21,2026-10-21,deadline_date,True,,1.0,1.0,1.0,True,0.0
hr_030,C,Q7,Q7,date,2026-10-20,2026-10-20,2026-10-20,deadline_date,True,,1.0,1.0,1.0,True,0.0
hr_030,A,Q8,Q8,code_set,asset_return|offboarding,asset_return|offboarding,offboarding|asset_return,The code_set is offboarding | asset_return.,True,,0.0,0.0,0.0,True,1.0
hr_030,B,Q8,Q8,code_set,asset_return|offboarding,asset_return|offboarding,offboarding|asset_return,code_set,True,,0.0,0.0,0.0,True,1.0
hr_030,C,Q8,Q8,code_set,asset_return|offboarding,asset_return|offboarding,offboarding|asset_return,code_set,True,,0.0,0.0,0.0,True,1.0
hr_030,A,Q9,Q9,identifier,HR-3001,HR-3001,HR-3001,The identifier is HR-3001.,True,,1.0,1.0,1.0,True,0.0
hr_030,B,Q9,Q9,identifier,HR-3001,HR-3001,HR-3001,identifier,True,,1.0,1.0,1.0,True,0.0
hr_030,C,Q9,Q9,identifier,HR-3001,HR-3001,HR-3001,identifier,True,,1.0,1.0,1.0,True,0.0
hr_030,A,Q10,Q10,boolean,true,true,True,True,True,True,1.0,1.0,1.0,True,0.0
hr_030,B,Q10,Q10,boolean,true,true,True,True,True,True,1.0,1.0,1.0,True,0.0
hr_030,C,Q10,Q10,boolean,true,true,True,True,True,True,1.0,1.0,1.0,True,0.0
hr_030,A,Q11,Q11,boolean,false,false,False,False,True,True,1.0,1.0,1.0,True,0.0
hr_030,B,Q11,Q11,boolean,false,false,False,False,True,True,1.0,1.0,1.0,True,0.0
hr_030,C,Q11,Q11,boolean,false,false,False,False,True,True,1.0,1.0,1.0,True,0.0
hr_030,A,Q12,Q12,categorical,exit_checklist_rule,exit_checklist_rule,exit_checklist_rule,exit_checklist_rule,True,True,1.0,1.0,1.0,True,0.0
hr_030,B,Q12,Q12,categorical,exit_checklist_rule,exit_checklist_rule,exit_checklist_rule,exit_checklist_rule,True,True,1.0,1.0,1.0,True,0.0
hr_030,C,Q12,Q12,categorical,exit_checklist_rule,exit_checklist_rule,exit_checklist_rule,exit_checklist_rule,True,True,1.0,1.0,1.0,True,0.0
hr_030,A,Q13,Q13,boolean,false,false,False,False,True,True,0.0,0.0,0.0,True,0.0
hr_030,B,Q13,Q13,boolean,false,false,False,False,True,True,0.0,0.0,0.0,True,0.0
hr_030,C,Q13,Q13,boolean,true,false,True,False,False,False,0.0,0.0,0.0,True,0.0
hr_030,A,Q14,Q14,categorical,open,open,open,open,True,True,1.0,1.0,1.0,True,0.0
hr_030,B,Q14,Q14,categorical,closed,closed,closed,closed,True,True,1.0,1.0,1.0,True,0.0
hr_030,C,Q14,Q14,categorical,open,open,open,open,True,True,1.0,1.0,1.0,True,0.0
